compactness,circularity,distance_circularity,radius_ratio,max.length_aspect_ratio,scatter_ratio,elongatedness,pr.axis_rectangularity,scaled_variance,scaled_variance.1,scaled_radius_of_gyration,scaled_radius_of_gyration.1,skewness_about,skewness_about.1,hollows_ratio
95,48.0,83.0,178.0,10,162.0,42.0,20.0,176.0,379.0,184.0,70.0,6.0,16.0,197
91,41.0,84.0,141.0,9,149.0,45.0,19.0,170.0,330.0,158.0,72.0,9.0,14.0,199
104,50.0,106.0,209.0,10,207.0,32.0,23.0,223.0,635.0,220.0,73.0,14.0,9.0,196
93,41.0,82.0,159.0,9,144.0,46.0,19.0,160.0,309.0,127.0,63.0,6.0,10.0,207
85,44.0,70.0,205.0,52,149.0,45.0,19.0,241.0,325.0,188.0,127.0,9.0,11.0,183
107,44.828775267538646,106.0,172.0,6,255.0,26.0,28.0,280.0,957.0,264.0,85.0,5.0,9.0,183
97,43.0,73.0,173.0,6,153.0,42.0,19.0,176.0,361.0,172.0,66.0,13.0,1.0,204
90,43.0,66.0,157.0,9,137.0,48.0,18.0,162.0,281.0,164.0,67.0,3.0,3.0,202
86,34.0,62.0,140.0,7,122.0,54.0,17.0,141.0,223.0,112.0,64.0,2.0,14.0,208
93,44.0,98.0,168.88809523809525,11,183.0,36.0,22.0,202.0,505.0,152.0,64.0,4.0,14.0,204
86,36.0,70.0,143.0,9,133.0,50.0,18.0,153.0,266.0,127.0,66.0,2.0,10.0,202
90,34.0,66.0,136.0,6,123.0,54.0,17.0,148.0,224.0,118.0,65.0,5.0,26.0,202
88,46.0,74.0,171.0,6,152.0,43.0,19.0,180.0,349.0,192.0,71.0,5.0,11.0,195
89,42.0,85.0,144.0,10,152.0,44.0,19.0,173.0,345.0,161.0,72.0,8.0,13.0,197
94,49.0,79.0,203.0,5,174.0,37.0,21.0,196.0,465.0,206.0,71.0,6.0,2.0,199
96,55.0,103.0,201.0,9,204.0,32.0,23.0,227.0,624.0,246.0,74.0,6.0,2.0,194
89,36.0,51.0,109.0,6,118.0,57.0,17.0,137.0,206.0,125.0,80.0,2.0,14.0,185
99,41.0,77.0,197.0,6,177.0,36.0,21.0,202.0,485.0,151.0,72.0,4.0,10.0,199
104,54.0,100.0,186.0,10,216.0,31.0,24.0,225.0,686.0,220.0,74.0,5.0,11.0,195
101,56.0,100.0,215.0,10,208.0,32.0,24.0,227.0,651.0,223.0,74.0,6.0,5.0,193
84,47.0,75.0,153.0,6,154.0,43.0,19.0,175.0,354.0,184.0,75.0,0.0,3.0,192
84,37.0,53.0,121.0,5,123.0,55.0,17.0,141.0,221.0,133.0,82.0,7.0,1.0,183
94,43.0,64.0,173.0,7,150.0,43.0,19.0,169.0,344.0,177.0,68.0,9.0,1.0,206
87,39.0,70.0,148.0,7,143.0,46.0,18.0,164.0,307.0,141.0,69.0,1.0,2.0,199
99,53.0,105.0,219.0,11,204.0,32.0,23.0,221.0,623.0,224.0,68.0,0.0,6.0,201
85,45.0,80.0,154.0,9,147.0,45.0,19.0,169.0,324.0,174.0,71.0,1.0,4.0,199
83,36.0,54.0,119.0,6,128.0,53.0,18.0,143.0,238.0,139.0,82.0,6.0,3.0,183
107,54.0,98.0,203.0,11,218.0,31.0,25.0,229.0,696.0,216.0,72.0,1.0,28.0,199
102,45.0,85.0,193.0,6,192.0,33.0,22.0,217.0,570.0,163.0,76.0,6.0,7.0,193
80,38.0,63.0,129.0,7,146.0,46.0,19.0,168.0,314.0,158.0,83.0,9.0,20.0,185
89,43.0,85.0,160.0,11,155.0,43.0,19.0,173.0,356.0,174.0,72.0,5.0,9.0,196
88,42.0,77.0,151.0,8,140.0,47.0,18.0,165.0,293.0,158.0,64.0,10.0,11.0,205
93,35.0,66.0,154.0,6,142.0,46.0,18.0,162.0,304.0,120.0,64.0,5.0,13.0,202
101,48.0,107.0,222.0,10,208.0,32.0,24.0,232.0,641.0,204.0,70.0,5.0,38.0,202
87,38.0,85.0,177.0,8,164.0,40.0,20.0,186.0,402.0,130.0,63.0,1.0,25.0,205
100,46.0,82.1104513064133,172.0,9,157.0,43.0,20.0,170.0,363.0,184.0,67.0,17.0,7.0,200
82,44.0,72.0,118.0,7,152.0,44.0,19.0,174.0,340.0,177.0,82.0,2.0,2.0,185
90,48.0,86.0,306.0,49,153.0,44.0,19.0,272.0,346.0,200.0,118.0,0.0,15.0,194
106,53.0,98.0,176.0,10,216.0,31.0,24.0,235.0,691.0,218.0,74.0,1.0,9.0,197
81,45.0,68.0,169.0,6,151.0,44.0,19.0,173.0,336.0,186.0,75.0,7.0,0.0,189
95,48.0,104.0,214.0,9,205.0,32.0,23.0,227.0,628.0,202.0,74.0,5.0,9.0,193
88,37.0,51.0,105.0,5,119.0,57.0,17.0,135.0,207.0,125.0,86.0,8.0,16.0,183
94,49.0,87.0,137.0,11,158.0,43.0,20.0,178.0,366.0,186.0,75.0,5.0,5.0,194
93,37.0,76.0,183.0,8,164.0,40.0,20.0,191.0,405.0,139.0,67.0,4.0,7.0,197
119,54.0,106.0,220.0,12,213.0,31.0,24.0,223.0,675.0,232.0,66.0,20.0,1.0,202
93,46.0,82.0,145.0,11,159.0,43.0,20.0,180.0,371.0,189.0,77.0,2.0,4.0,194
91,43.0,70.0,133.0,8,130.0,51.0,18.0,159.0,253.0,156.0,70.0,1.0,8.0,194
85,42.0,66.0,122.0,6,148.0,46.0,19.0,172.0,317.0,174.0,88.0,6.0,14.0,182
89,47.0,81.0,147.0,11,156.0,44.0,20.0,170.0,352.0,188.0,76.0,6.0,13.0,193
91,45.0,79.0,176.0,9,163.0,40.0,20.0,184.0,404.0,179.0,62.0,0.0,10.0,208
78,38.0,63.0,115.0,6,142.0,47.0,19.0,162.0,299.0,146.0,77.0,2.0,4.0,185
92,38.0,71.0,174.0,7,154.0,43.0,19.0,181.0,355.0,130.0,70.0,4.0,24.0,195
98,55.0,101.0,228.0,9,210.0,31.0,24.0,236.0,661.0,245.0,72.0,1.0,6.0,197
101,42.0,62.0,175.0,6,149.0,43.0,19.0,169.0,341.0,165.0,65.0,7.0,11.0,209
101,56.0,104.0,185.0,6,257.0,26.0,28.0,275.0,956.0,230.0,83.0,5.0,26.0,184
94,36.0,66.0,151.0,8,133.0,50.0,18.0,154.0,265.0,119.0,62.0,9.0,3.0,208
97,44.0,96.0,195.0,9,185.0,36.0,22.0,202.0,512.0,165.0,66.0,4.0,8.0,199
89,47.0,84.0,133.0,11,157.0,44.0,20.0,169.0,354.0,176.0,74.0,5.0,9.0,192
107,53.0,103.0,221.0,11,209.0,32.0,24.0,222.0,653.0,212.0,66.0,0.0,1.0,201
85,39.0,68.0,119.0,5,128.0,53.0,18.0,148.0,241.0,142.0,75.0,8.0,8.0,187
103,50.0,98.0,212.0,9,193.0,34.0,22.0,214.0,567.0,185.0,64.0,5.0,5.0,204
77,38.0,63.0,135.0,5,130.0,52.0,18.0,145.0,247.0,139.0,79.0,13.0,21.0,187
96,40.0,70.0,120.0,8,137.0,50.0,18.0,162.0,269.0,139.0,80.0,10.0,13.0,183
83,42.0,66.0,156.0,7,150.0,45.0,19.0,174.0,333.0,159.0,78.0,4.0,2.0,188
93,45.0,86.0,201.0,7,184.0,35.0,22.0,203.0,523.0,183.0,72.0,0.0,4.0,197
89,41.0,75.0,143.0,7,146.0,46.0,19.0,170.0,317.0,156.0,76.0,18.0,5.0,188
81,43.0,68.0,125.0,8,149.0,46.0,19.0,169.0,323.0,172.0,72.44774346793349,6.364285714285714,18.0,184
98,55.0,101.0,219.0,11,225.0,30.0,25.0,231.0,748.0,216.0,74.0,6.0,14.0,195
86,44.0,78.0,164.0,9,142.0,46.0,18.0,168.0,305.0,171.0,70.0,1.0,11.0,201
98,49.0,84.0,219.0,7,190.0,34.0,22.0,208.0,558.0,209.0,74.0,4.0,7.0,195
96,55.0,98.0,161.0,10,215.0,31.0,20.582443653618032,226.0,683.0,221.0,76.0,3.0,6.0,193
97,59.0,108.0,227.0,11,224.0,30.0,25.0,225.0,732.0,218.0,70.0,10.0,25.0,198
92,39.0,91.0,191.0,8,176.0,37.0,21.0,196.0,466.0,151.0,67.0,3.0,23.0,200
73,37.0,53.0,111.0,6,126.0,55.0,18.0,135.0,227.0,147.0,82.0,1.0,15.0,184
89,42.0,89.0,147.0,11,151.0,44.0,19.0,170.0,338.0,163.0,72.0,11.0,23.0,199
101,53.0,103.0,203.0,9,195.0,34.0,22.0,210.0,571.0,210.0,68.0,5.0,5.0,198
91,39.0,83.0,170.0,8,172.0,38.0,21.0,197.0,445.0,152.0,72.0,0.0,10.0,194
86,40.0,62.0,140.0,7,150.0,45.0,19.0,165.0,330.0,173.0,72.44774346793349,2.0,3.0,185
104,52.0,94.0,168.88809523809525,5,208.0,31.0,24.0,227.0,666.0,218.0,76.0,11.0,4.0,191
89,44.0,68.0,113.0,7,150.0,45.0,19.0,171.0,328.0,189.0,88.0,6.0,5.0,182
87,46.0,71.0,159.0,6,151.0,44.0,19.0,175.0,343.0,189.0,73.0,2.0,0.0,190
99,51.0,92.0,203.0,5,209.0,31.0,24.0,232.0,671.0,214.0,78.0,5.0,11.0,189
94,36.0,68.0,127.0,7,127.0,52.0,18.0,155.0,242.0,116.0,66.0,1.0,2.0,196
79,40.0,80.0,133.0,7,147.0,47.0,19.0,172.0,311.0,144.0,76.0,8.0,30.0,193
89,40.0,76.0,188.0,7,150.0,44.0,19.0,174.0,342.0,148.0,72.0,3.0,8.0,197
110,58.0,106.0,180.0,6,261.0,26.0,28.0,278.0,998.0,257.0,83.0,9.0,13.0,182
89,41.0,84.0,141.0,9,149.0,45.0,19.0,172.0,330.0,162.0,72.0,4.0,18.0,200
86,37.0,60.0,115.0,5,119.0,56.0,17.0,141.0,209.0,129.0,72.0,2.0,8.0,190
91,42.0,84.0,209.0,6,171.0,38.0,20.0,189.0,446.0,161.0,69.0,3.0,12.0,201
80,37.0,57.0,116.0,6,125.0,54.0,18.0,142.0,229.0,132.0,81.0,8.0,5.0,184
104,55.0,107.0,222.0,11,218.0,31.0,24.0,232.0,703.0,229.0,71.0,3.0,10.0,199
94,38.0,84.0,158.0,9,169.0,39.0,20.0,196.0,430.0,155.0,69.0,9.0,15.0,195
104,52.0,100.0,191.0,9,197.0,33.0,23.0,218.0,583.0,234.0,70.0,10.0,10.0,198
94,48.0,87.0,162.0,10,157.0,43.0,20.0,179.0,363.0,186.0,75.0,4.0,15.0,195
84,45.0,66.0,154.0,6,145.0,46.0,19.0,168.0,312.0,177.0,73.0,2.0,3.0,188
97,50.0,108.0,211.0,10,214.0,31.0,24.0,232.0,683.0,218.0,72.0,7.0,29.0,197
89,42.0,80.0,151.0,6,144.0,46.0,19.0,166.0,308.0,170.0,74.0,17.0,13.0,189
86,43.0,68.0,152.0,7,150.0,44.0,19.0,179.0,337.0,164.0,75.0,4.0,9.0,192
95,46.0,105.0,219.0,9,201.0,33.0,23.0,223.0,602.0,201.0,69.0,5.0,38.0,202
87,44.0,65.0,124.0,6,149.0,46.0,19.0,170.0,321.0,171.0,87.0,4.0,12.0,182
82,45.0,66.0,252.0,52,148.0,45.0,19.0,237.0,326.0,185.0,119.0,1.0,1.0,185
95,42.0,85.0,174.0,9,153.0,44.0,19.0,168.0,347.0,150.0,65.0,11.0,5.0,204
94,42.0,68.0,150.0,7,128.0,52.0,18.0,154.0,246.0,159.0,69.0,14.0,5.0,196
92,38.0,60.0,130.0,5,114.0,58.0,17.0,135.0,194.0,137.0,72.0,14.0,5.0,194
102,45.0,83.0,198.0,5,194.0,33.0,22.0,225.0,576.0,167.0,79.0,0.0,27.0,191
108,44.828775267538646,103.0,202.0,10,220.0,30.0,25.0,188.63107947805457,711.0,214.0,73.0,11.0,12.602366863905326,199
99,46.0,105.0,209.0,11,197.0,34.0,23.0,212.0,575.0,159.0,65.0,0.0,33.0,205
85,39.0,77.0,151.0,8,150.0,45.0,19.0,176.0,331.0,133.0,73.0,0.0,16.0,193
80,44.0,68.0,135.0,8,150.0,45.0,19.0,170.0,329.0,173.0,80.0,7.0,12.0,185
99,48.0,79.0,199.0,6,185.0,35.0,22.0,202.0,524.0,171.0,74.0,5.0,8.0,195
89,40.0,77.0,159.0,9,144.0,46.0,19.0,168.0,314.0,143.0,70.0,0.0,5.0,200
94,48.0,83.0,162.0,10,156.0,43.0,19.0,177.0,357.0,187.0,74.0,4.0,14.0,196
77,38.0,75.0,144.0,6,147.0,46.0,19.0,167.0,315.0,136.0,80.0,16.0,20.0,187
88,35.0,50.0,121.0,5,114.0,59.0,17.0,132.0,192.0,138.0,74.0,21.0,4.0,187
93,43.0,85.0,133.0,10,155.0,44.0,19.0,174.0,351.0,165.0,75.0,12.0,13.0,196
95,47.0,88.0,162.0,11,159.0,43.0,20.0,176.0,371.0,185.0,71.0,12.0,13.0,198
100,45.0,100.0,209.0,8,201.0,32.0,23.0,231.0,611.0,189.0,72.0,5.0,5.0,195
109,53.0,109.0,221.0,12,221.0,31.0,25.0,226.0,712.0,212.0,72.0,13.0,28.0,201
85,44.828775267538646,82.1104513064133,128.0,8,150.0,46.0,19.0,168.0,324.0,173.0,82.0,9.0,14.0,184
93,49.0,79.0,180.0,7,173.0,37.0,21.0,189.0,463.0,194.0,70.0,5.0,10.0,202
89,37.0,54.0,119.0,5,134.0,50.0,18.0,151.0,266.0,146.0,79.0,16.0,14.0,185
90,48.0,78.0,142.0,11,160.0,43.0,20.0,173.0,370.0,185.0,76.0,10.0,11.0,192
92,40.0,82.0,163.0,9,146.0,45.0,19.0,165.0,319.0,137.0,64.0,9.0,0.0,206
90,36.0,57.0,130.0,6,121.0,56.0,17.0,137.0,216.0,132.0,68.0,22.0,23.0,195
85,45.0,71.0,150.0,8,143.0,46.0,19.0,171.0,307.0,179.0,72.0,2.0,3.0,196
90,46.0,80.0,143.0,11,159.0,43.0,20.0,169.0,366.0,186.0,74.0,17.0,7.0,193
89,42.0,70.0,148.0,7,147.0,45.0,19.0,176.0,323.0,153.0,76.0,2.0,6.0,189
85,41.0,66.0,155.0,22,149.0,45.0,19.0,173.0,330.0,155.0,75.0,6.0,16.0,191
97,45.0,88.0,173.0,10,157.0,43.0,20.0,173.0,365.0,157.0,67.0,8.0,12.0,200
100,48.0,95.0,209.0,7,199.0,32.0,23.0,216.0,605.0,200.0,73.0,7.0,11.0,194
100,46.0,104.0,184.0,9,197.0,34.0,23.0,222.0,578.0,198.0,73.0,13.0,13.0,197
86,36.0,77.0,165.0,7,150.0,45.0,19.0,174.0,331.0,131.0,66.0,0.0,32.0,203
97,42.0,101.0,186.0,9,186.0,36.0,22.0,208.0,511.0,168.0,67.0,7.0,41.0,206
98,39.0,68.0,121.0,7,134.0,51.0,18.0,164.0,261.0,134.0,75.0,4.0,1.0,186
102,54.0,100.0,163.0,10,213.0,31.0,24.0,219.0,669.0,201.0,76.0,12.0,27.0,195
89,47.0,83.0,322.0,48,158.0,43.0,20.0,229.0,364.0,176.0,97.0,0.0,14.0,194
86,48.0,75.0,136.0,10,161.0,43.0,20.0,170.0,371.0,185.0,75.0,3.0,1.0,192
87,42.0,64.0,150.0,10,133.0,50.0,18.0,157.0,264.0,159.0,67.0,7.0,1.0,201
88,37.0,63.0,130.0,5,125.0,54.0,18.0,141.0,230.0,145.0,74.0,14.0,20.0,188
91,42.0,80.0,162.0,8,148.0,44.0,19.0,171.0,331.0,147.0,70.0,3.0,5.0,199
90,37.0,80.0,171.0,9,157.0,42.0,20.0,172.0,373.0,115.0,60.0,3.0,18.0,209
81,42.0,63.0,125.0,8,149.0,46.0,19.0,166.0,320.0,172.0,86.0,6.364285714285714,7.0,182
106,49.0,107.0,194.0,11,214.0,31.0,24.0,224.0,670.0,172.0,67.0,0.0,39.0,206
80,43.0,68.0,120.0,8,150.0,45.0,19.0,171.0,329.0,176.0,85.0,4.0,8.0,183
95,45.0,80.0,186.0,7,164.0,40.0,20.0,188.0,406.0,178.0,65.0,11.0,18.0,204
103,54.0,107.0,218.0,12,222.0,30.0,25.0,221.0,728.0,199.0,67.0,0.0,18.0,200
100,46.0,85.0,164.0,11,163.0,42.0,20.0,176.0,387.0,170.0,71.0,18.0,0.0,196
91,40.0,76.0,171.0,7,149.0,44.0,19.0,169.0,332.0,144.0,68.0,4.0,17.0,200
90,43.0,72.0,172.0,8,154.0,42.0,19.0,174.0,360.0,158.0,61.0,15.0,9.0,209
93,36.0,64.0,165.0,8,136.0,49.0,18.0,161.0,279.0,127.0,67.0,2.0,29.0,204
104,50.0,96.0,211.0,10,187.0,35.0,22.0,207.0,527.0,195.0,65.0,3.0,7.0,206
94,44.0,84.0,216.0,6,184.0,35.0,22.0,208.0,525.0,154.0,73.0,4.0,22.0,197
93,35.0,72.0,172.0,7,149.0,44.0,19.0,169.0,334.0,125.0,62.0,5.0,30.0,210
106,49.0,106.0,211.0,9,208.0,32.0,24.0,224.0,645.0,184.0,68.0,1.0,24.0,202
89,40.0,79.0,154.0,9,144.0,46.0,19.0,168.0,311.0,149.0,71.0,8.0,7.0,197
110,56.0,103.0,223.0,5,250.0,26.0,27.0,280.0,928.0,239.0,85.0,4.0,6.0,183
85,36.0,78.0,149.0,7,147.0,45.0,19.0,168.0,321.0,134.0,64.0,10.0,24.0,203
93,42.0,70.0,131.0,7,127.0,53.0,18.0,156.0,240.0,152.0,74.0,5.0,4.0,190
87,39.0,74.0,152.0,6,151.0,44.0,19.0,174.0,337.0,140.0,70.0,1.0,33.0,196
91,45.0,75.0,168.88809523809525,6,150.0,44.0,19.0,170.0,335.0,180.0,66.0,16.0,2.0,198
82,38.0,53.0,125.0,5,133.0,51.0,18.0,152.0,259.0,146.0,87.0,0.0,0.0,183
107,52.0,101.0,218.0,11,202.0,33.0,23.0,219.0,610.0,192.0,65.0,17.0,2.0,206
98,39.0,81.0,191.0,9,166.0,40.0,20.0,184.0,415.0,131.0,62.0,8.0,19.0,205
85,40.0,72.0,139.0,5,132.0,50.0,18.0,159.0,260.0,150.0,68.0,3.0,9.0,195
98,54.0,104.0,186.0,10,213.0,32.0,24.0,223.0,665.0,217.0,73.0,1.0,26.0,195
103,54.0,91.0,179.0,11,220.0,31.0,25.0,220.0,707.0,198.0,72.0,1.0,32.0,198
92,36.0,78.0,165.0,8,153.0,43.0,19.0,169.0,349.0,124.0,60.0,4.0,19.0,211
110,51.0,104.0,191.0,12,213.0,31.0,24.0,226.0,674.0,190.0,68.0,18.0,2.0,199
82,45.0,68.0,139.0,6,147.0,46.0,19.0,169.0,320.0,184.0,80.0,0.0,1.0,184
98,38.0,70.0,125.0,8,130.0,53.0,18.0,157.0,243.0,132.0,74.0,0.0,13.0,185
108,51.0,103.0,197.0,11,211.0,31.0,24.0,222.0,661.0,187.0,67.0,7.0,3.0,200
106,54.0,103.0,161.0,4,247.0,27.0,27.0,266.0,892.0,242.0,85.0,4.0,11.0,183
94,45.0,81.0,166.0,9,145.0,46.0,19.0,164.0,313.0,179.0,66.0,11.0,14.0,202
96,49.0,98.0,187.0,6,213.0,31.0,24.0,228.0,680.0,210.0,77.0,8.0,28.0,189
93,48.0,84.0,150.0,11,156.0,44.0,20.0,171.0,354.0,188.0,73.0,8.0,15.0,195
88,40.0,78.0,186.0,6,158.0,41.0,20.0,185.0,379.0,148.0,73.0,1.0,11.0,197
84,39.0,90.0,180.0,7,177.0,37.0,21.0,209.0,469.0,145.0,71.0,4.0,38.0,198
89,44.0,72.0,160.0,7,144.0,46.0,19.0,166.0,312.0,169.0,69.0,6.364285714285714,1.0,198
93,37.0,73.0,174.0,7,151.0,43.0,19.0,175.0,347.0,135.0,68.0,1.0,22.0,205
89,44.0,70.0,137.0,6,136.0,49.0,18.0,168.0,273.0,166.0,78.0,10.0,3.0,187
102,54.0,106.0,221.0,11,207.0,32.0,24.0,228.0,638.0,238.0,71.0,0.0,26.0,200
78,36.0,60.0,116.0,6,123.0,55.0,17.0,141.0,221.0,121.0,78.0,3.0,16.0,185
91,42.0,66.0,169.0,7,145.0,44.0,19.0,169.0,325.0,159.0,67.0,4.0,0.0,207
84,35.0,53.0,122.0,4,116.0,59.0,17.0,135.0,196.0,128.0,76.0,10.0,27.0,190
103,46.0,106.0,209.0,10,203.0,33.0,23.0,217.0,612.0,210.0,70.0,9.0,10.0,199
100,41.0,75.0,205.0,5,176.0,36.0,21.0,204.0,479.0,151.0,72.0,7.0,19.0,197
91,42.0,81.0,193.0,5,169.0,38.0,20.0,184.0,434.0,156.0,68.0,3.0,23.0,204
98,45.0,76.0,166.0,7,157.0,42.0,20.0,184.0,371.0,186.0,69.0,13.0,10.0,196
101,51.0,105.0,212.0,10,209.0,32.0,24.0,222.0,653.0,224.0,73.0,5.0,23.0,195
90,36.0,78.0,179.0,8,157.0,42.0,19.0,182.0,367.0,142.0,66.0,1.0,20.0,198
97,48.0,94.0,198.0,9,181.0,36.0,21.0,200.0,494.0,189.0,64.0,20.0,11.0,203
87,40.0,81.0,162.0,10,146.0,46.0,19.0,167.0,317.0,157.0,70.0,0.0,13.0,199
93,43.0,76.0,149.0,7,149.0,44.0,19.0,172.0,335.0,176.0,72.44774346793349,14.0,0.0,194
107,55.0,98.0,199.0,7,240.0,27.0,26.0,258.0,866.0,245.0,80.0,3.0,1.0,184
92,37.0,86.0,167.0,7,158.0,42.0,20.0,181.0,373.0,144.0,68.0,9.0,21.0,196
86,43.0,66.0,130.0,7,152.0,44.0,19.0,177.0,340.0,173.0,81.0,6.0,14.0,185
107,56.0,104.0,231.0,11,219.0,31.0,25.0,226.0,705.0,217.0,71.0,19.0,11.0,196
82,44.0,72.0,150.0,7,154.0,44.0,19.0,181.0,350.0,177.0,80.0,0.0,16.0,187
81,46.0,71.0,130.0,7,153.0,44.0,19.0,172.0,342.0,191.0,81.0,3.0,14.0,186
82,44.0,72.0,136.0,7,147.0,46.0,19.0,173.0,317.0,183.0,81.0,6.0,17.0,185
93,47.0,85.0,163.0,11,156.0,44.0,20.0,172.0,355.0,178.0,74.0,7.0,15.0,195
90,36.0,74.0,171.0,8,157.0,42.0,19.0,177.0,367.0,123.0,61.0,6.0,21.0,204
111,54.0,103.0,171.0,11,221.0,30.0,25.0,227.0,727.0,201.0,69.0,15.0,6.0,198
103,55.0,100.0,194.0,11,212.0,31.0,24.0,217.0,666.0,219.0,73.0,10.0,14.0,194
89,40.0,58.0,137.0,7,122.0,54.0,17.0,146.0,225.0,150.0,63.0,7.0,4.0,206
87,47.0,81.0,149.0,9,147.0,45.0,19.0,171.0,325.0,181.0,72.0,0.0,6.0,198
92,46.0,79.0,176.0,8,162.0,41.0,20.0,183.0,396.0,178.0,67.0,2.0,10.0,198
85,42.0,82.1104513064133,121.0,7,149.0,46.0,19.0,167.0,323.0,174.70971563981044,85.0,1.0,6.0,182
86,46.0,70.0,149.0,8,149.0,45.0,19.0,170.0,331.0,185.0,77.0,6.0,6.0,188
101,56.0,100.0,168.0,11,214.0,31.0,24.0,219.0,681.0,224.0,74.0,2.0,3.0,192
94,39.0,89.0,194.0,9,172.0,38.0,21.0,191.0,444.0,121.0,63.0,4.0,23.0,209
86,37.0,69.0,150.0,8,138.0,48.0,18.0,163.0,284.0,124.0,71.0,1.0,6.0,195
90,41.0,71.0,169.0,7,150.0,44.0,19.0,175.0,336.0,157.0,71.0,3.0,18.0,197
104,49.0,89.0,168.0,4,212.0,31.0,24.0,238.0,682.0,198.0,78.0,1.0,23.0,189
89,36.0,72.0,141.0,7,138.0,48.0,18.0,163.0,286.0,130.0,72.0,1.0,1.0,192
90,39.0,86.0,169.0,7,162.0,40.933727810650886,20.0,194.0,388.0,147.0,74.0,1.0,22.0,191
84,44.0,77.0,150.0,5,152.0,44.0,19.0,175.0,344.0,177.0,77.0,8.0,2.0,187
104,57.0,103.0,216.0,11,219.0,30.0,25.0,228.0,708.0,219.0,73.0,4.0,3.0,196
83,44.0,68.0,144.0,8,147.0,45.0,19.0,170.0,325.0,180.0,74.0,1.0,1.0,191
85,39.0,57.0,126.0,6,114.0,58.0,17.0,134.0,195.0,145.0,64.0,17.0,7.0,202
99,55.0,101.0,206.0,13,222.0,30.0,25.0,225.0,722.0,213.0,71.0,2.0,3.0,196
88,44.0,85.0,139.0,11,157.0,43.0,20.0,176.0,363.0,175.0,76.0,5.0,16.0,195
100,50.0,81.0,197.0,6,186.0,34.0,22.0,206.0,531.0,198.0,74.0,6.364285714285714,1.0,198
81,44.0,72.0,139.0,6,153.0,44.0,19.0,180.0,347.0,178.0,81.0,1.0,15.0,186
86,41.0,66.0,133.0,6,136.0,49.0,18.0,155.0,274.0,162.0,74.0,5.0,14.0,189
93,41.0,79.0,159.0,8,144.0,46.0,19.0,165.0,309.0,134.0,67.0,4.0,9.0,203
107,54.0,98.0,210.0,11,218.0,31.0,24.0,221.0,704.0,216.0,71.0,14.0,0.0,197
94,35.0,66.0,147.0,9,131.0,50.0,18.0,159.0,258.0,115.0,66.0,8.0,7.0,201
105,54.0,106.0,215.0,10,208.0,32.0,24.0,217.0,640.0,218.0,69.0,14.0,23.0,199
86,41.0,64.0,148.0,5,150.0,45.0,19.0,165.0,333.0,173.0,80.0,5.0,8.0,185
85,35.0,47.0,110.0,3,117.0,57.0,17.0,136.0,203.0,139.0,89.0,5.0,9.0,184
85,33.0,40.0,115.0,3,112.0,61.0,17.0,130.0,184.0,127.0,86.0,12.0,21.0,183
81,44.0,68.0,120.0,6,151.0,45.0,19.0,170.0,333.0,178.0,86.0,4.0,5.0,183
100,52.0,104.0,189.0,10,208.0,32.0,24.0,220.0,642.0,197.0,70.0,1.0,22.0,198
93,42.0,64.0,158.0,9,134.0,49.0,18.0,163.0,268.0,170.0,71.0,7.0,13.0,201
90,48.0,78.0,134.0,11,160.0,43.0,20.0,169.0,366.0,185.0,76.0,1.0,14.0,192
96,37.0,74.0,199.0,5,165.0,39.0,20.0,188.0,419.0,136.0,72.0,1.0,3.0,200
85,45.0,65.0,128.0,8,151.0,45.0,20.582443653618032,170.0,332.0,186.0,81.0,1.0,10.0,184
100,55.0,101.0,189.0,10,222.0,30.0,25.0,225.0,731.0,211.0,71.0,7.0,17.0,197
79,47.0,74.0,141.0,7,153.0,43.0,19.0,175.0,349.0,199.0,77.0,6.0,10.0,189
89,36.0,77.0,172.0,8,157.0,42.0,19.0,174.0,367.0,126.0,63.0,5.0,22.0,205
93,45.0,73.0,164.0,7,159.0,42.0,20.0,182.0,379.0,188.0,65.0,11.0,15.0,201
85,42.0,59.0,132.0,7,149.0,46.0,19.0,166.0,320.0,172.0,83.0,8.0,4.0,182
101,55.0,108.0,228.0,12,215.0,31.0,24.0,229.0,684.0,214.0,71.0,2.0,16.0,199
85,47.0,75.0,121.0,9,157.0,44.0,20.0,168.0,358.0,176.0,77.0,1.0,7.0,191
93,41.0,75.0,124.0,7,140.0,49.0,18.0,164.0,284.0,149.0,77.0,5.0,15.0,185
95,36.0,73.0,191.0,6,156.0,41.0,19.0,184.0,374.0,124.0,71.0,2.0,19.0,204
91,39.0,83.0,176.0,7,169.0,39.0,20.0,190.0,426.0,142.0,67.0,0.0,24.0,199
103,55.0,103.0,211.0,11,212.0,31.0,24.0,229.0,673.0,249.0,72.0,5.0,16.0,196
85,34.0,53.0,127.0,6,168.901775147929,58.0,17.0,137.0,197.0,127.0,70.0,6.364285714285714,20.0,189
95,38.0,66.0,126.0,8,133.0,52.0,18.0,158.0,253.0,140.0,78.0,11.0,8.0,183
104,58.0,103.0,230.0,11,219.0,30.0,25.0,231.0,716.0,246.0,71.0,7.0,4.0,196
84,44.0,80.0,140.0,11,156.0,44.0,20.0,166.0,349.0,176.0,74.0,5.0,17.0,193
94,43.0,68.0,170.0,6,142.0,46.0,18.0,164.0,310.0,177.0,65.0,10.0,8.0,203
93,47.0,85.0,161.0,12,155.0,43.0,19.0,179.0,354.0,178.0,76.0,2.0,9.0,196
112,50.0,110.0,186.0,11,214.0,31.0,24.0,232.0,676.0,203.0,71.0,18.0,27.0,202
91,36.0,77.0,157.0,7,155.0,42.0,19.0,177.0,361.0,123.0,65.0,8.0,15.0,201
92,43.0,69.0,158.0,7,149.0,44.0,19.0,170.0,333.0,168.0,63.0,14.0,18.0,203
99,48.0,104.0,196.0,10,201.0,33.0,23.0,221.0,604.0,199.0,73.0,8.0,4.0,197
98,58.0,101.0,208.0,12,226.0,30.0,25.0,225.0,748.0,216.0,71.0,6.0,1.0,196
83,37.0,54.0,118.0,4,129.0,52.0,18.0,146.0,245.0,140.0,81.0,4.0,13.0,184
91,39.0,88.0,189.0,9,175.0,38.0,21.0,197.0,457.0,156.0,69.0,0.0,23.0,198
89,40.0,60.0,131.0,6,118.0,56.0,17.0,143.0,209.0,153.0,65.0,10.0,8.0,199
89,35.0,70.0,138.0,7,126.0,53.0,17.0,147.0,237.0,112.0,64.0,4.0,19.0,207
103,49.0,100.0,194.0,10,185.0,35.0,22.0,202.0,518.0,178.0,62.0,13.0,8.0,208
80,45.0,71.0,128.0,7,151.0,45.0,19.0,171.0,337.0,176.0,79.0,3.0,16.0,187
86,44.828775267538646,65.0,116.0,6,152.0,45.0,19.0,175.0,335.0,174.70971563981044,85.0,5.0,4.0,183
100,46.0,81.0,187.0,9,166.0,40.0,20.0,189.0,415.0,175.0,63.0,13.0,9.0,207
86,39.0,60.0,140.0,7,119.0,55.0,17.0,140.0,212.0,141.0,61.0,7.0,8.0,207
83,37.0,62.0,113.0,6,122.0,55.0,17.0,143.0,218.0,135.0,79.0,0.0,7.0,185
82,45.0,68.0,150.0,5,148.0,45.0,19.0,169.0,322.0,184.0,80.0,5.0,0.0,184
93,47.0,88.0,200.0,7,173.0,38.0,21.0,197.0,452.0,205.0,66.0,0.0,3.0,202
91,43.0,88.0,157.0,9,149.0,45.0,19.0,165.0,326.0,140.0,64.0,1.0,26.0,207
96,45.0,80.0,162.0,9,146.0,46.0,20.582443653618032,161.0,316.0,161.0,64.0,5.0,10.0,207
107,57.0,106.0,179.0,8,257.0,26.0,28.0,275.0,954.0,232.0,83.0,2.0,20.0,184
87,44.0,70.0,179.0,6,146.0,45.0,19.0,167.0,326.0,178.0,69.0,6.0,1.0,201
83,46.0,73.0,137.0,6,148.0,45.0,19.0,167.0,327.0,183.0,75.0,8.0,0.0,191
86,41.0,66.0,129.0,7,135.0,50.0,18.0,154.0,266.0,165.0,74.0,3.0,4.0,187
109,54.0,109.0,225.0,11,214.0,31.0,24.0,226.0,675.0,212.0,68.0,11.0,32.0,202
94,37.0,73.0,186.0,7,154.0,42.0,19.0,171.0,362.0,132.0,67.0,2.0,8.0,206
100,44.0,93.0,193.0,8,186.0,35.0,22.0,202.0,521.0,151.0,66.0,0.0,2.0,198
82,43.0,73.0,154.0,7,151.0,44.0,19.0,178.0,341.0,160.0,76.0,5.0,11.0,189
86,46.0,73.0,125.0,6,151.0,45.0,19.0,170.0,334.0,188.0,82.0,9.0,11.0,184
116,53.0,110.0,231.0,12,217.0,31.0,24.0,231.0,692.0,222.0,67.0,16.0,28.0,206
89,46.0,77.0,125.0,10,156.0,44.0,20.0,171.0,351.0,177.0,78.0,7.0,17.0,191
89,48.0,85.0,189.0,8,169.0,39.0,20.0,188.0,427.0,190.0,64.0,6.364285714285714,5.0,201
83,41.0,70.0,155.0,7,144.0,46.0,19.0,168.0,309.0,147.0,71.0,4.0,12.0,195
88,43.0,84.0,168.88809523809525,11,154.0,44.0,19.0,174.0,350.0,164.0,73.0,6.0,2.0,196
96,47.0,103.0,215.0,10,200.0,33.0,23.0,220.0,598.0,200.0,73.0,6.0,6.0,194
88,37.0,57.0,132.0,6,135.0,50.0,18.0,151.0,265.0,144.0,83.0,16.0,16.0,184
98,38.0,66.0,130.0,7,130.0,51.0,18.0,160.0,251.0,123.0,69.0,3.0,12.0,194
89,45.0,81.0,246.0,43,155.0,44.0,20.0,200.0,347.0,177.0,90.0,9.0,17.0,192
87,42.0,76.0,159.0,5,155.0,42.0,19.0,184.0,362.0,157.0,76.0,6.0,12.0,193
93,36.0,63.0,139.0,8,132.0,50.0,18.0,158.0,260.0,121.0,67.0,3.0,27.0,201
109,55.0,102.0,169.0,6,241.0,27.0,26.0,265.0,870.0,247.0,84.0,10.0,11.0,183
90,38.0,75.0,164.0,7,151.0,43.0,19.0,168.0,345.0,139.0,66.0,0.0,0.0,204
98,52.0,86.0,207.0,5,192.0,33.0,22.0,212.0,570.0,221.0,75.0,4.0,6.0,195
82,37.0,66.0,126.0,7,132.0,52.0,18.0,148.0,252.0,142.0,72.0,17.0,7.0,187
91,40.0,98.0,192.0,9,177.0,38.0,21.0,194.0,465.0,165.0,66.0,9.0,35.0,205
98,40.0,77.0,171.0,6,172.0,37.0,21.0,197.0,457.0,141.0,72.0,4.0,17.0,201
106,53.0,98.0,193.0,10,215.0,31.0,24.0,224.0,681.0,218.0,73.0,8.0,21.0,197
93,43.0,78.0,166.0,7,151.0,44.0,19.0,182.0,342.0,174.0,68.0,15.0,2.0,197
94,37.0,72.0,193.0,6,158.0,41.0,19.0,184.0,385.0,127.0,70.0,0.0,14.0,204
89,36.0,68.0,149.0,8,133.0,50.0,18.0,153.0,265.0,119.0,62.0,6.0,18.0,209
85,45.0,70.0,130.0,8,151.0,45.0,19.0,171.0,334.0,187.0,79.0,2.0,5.0,186
86,45.0,73.0,152.0,6,149.0,44.0,19.0,170.0,335.0,176.0,71.0,6.0,1.0,196
106,48.0,107.0,202.0,10,207.0,32.0,24.0,227.0,635.0,200.0,70.0,5.0,28.0,203
107,52.0,103.0,186.0,11,214.0,31.0,24.0,217.0,676.0,189.0,66.0,6.0,5.0,198
109,51.0,100.0,197.0,10,192.0,34.0,22.0,210.0,439.49407582938386,195.0,64.0,14.0,3.0,202
109,48.0,107.0,215.0,10,205.0,32.0,23.0,222.0,624.0,168.0,65.0,9.0,32.0,206
90,50.0,90.0,188.0,10,181.0,36.0,21.0,211.0,492.0,220.0,69.0,6.0,19.0,199
93,45.0,83.0,142.0,10,157.0,43.0,20.0,180.0,364.0,188.0,75.0,1.0,21.0,197
82,41.0,70.0,155.0,7,148.0,45.0,19.0,172.0,328.0,152.0,72.0,5.0,17.0,195
96,52.0,104.0,222.0,9,198.0,33.0,23.0,217.0,589.0,226.0,67.0,12.0,20.0,201
90,42.0,63.0,126.0,7,152.0,45.0,19.0,173.0,336.0,173.0,81.0,0.0,15.0,184
93,40.0,62.0,117.0,7,131.0,52.0,18.0,160.0,249.0,156.0,78.0,8.0,6.0,184
91,41.0,66.0,131.0,9,126.0,53.0,18.0,159.0,237.0,155.0,72.0,3.0,10.0,194
95,45.0,105.0,208.0,10,187.0,36.0,22.0,202.0,520.0,158.0,64.0,7.0,32.0,211
89,37.0,51.0,111.0,5,120.0,56.0,17.0,138.0,213.0,147.0,82.0,7.0,4.0,183
102,51.0,82.1104513064133,194.0,6,220.0,30.0,25.0,247.0,731.0,209.0,80.0,7.0,7.0,186
105,54.0,100.0,220.0,10,221.0,30.0,25.0,232.0,718.0,202.0,73.0,0.0,13.0,199
113,57.0,109.0,194.0,6,260.0,26.0,28.0,288.0,982.0,261.0,85.0,11.0,21.0,183
87,43.0,65.0,127.0,8,149.0,46.0,19.0,169.0,322.0,171.0,85.0,6.0,3.0,182
98,51.0,96.0,203.0,10,188.0,35.0,22.0,207.0,533.0,231.0,68.0,10.0,1.0,199
94,38.0,88.0,179.0,7,170.0,39.0,21.0,188.0,435.0,144.0,66.0,2.0,28.0,204
82,44.0,63.0,123.0,7,151.0,45.0,19.0,166.0,329.0,185.0,81.0,3.0,4.0,182
106,49.0,96.0,201.0,10,181.0,36.0,21.0,197.0,494.0,180.0,62.0,19.0,15.0,209
89,44.0,82.0,136.0,6,149.0,45.0,19.0,170.0,332.0,168.0,68.0,10.0,14.0,193
93,43.0,88.0,170.0,9,150.0,45.0,19.0,164.0,334.0,143.0,65.0,2.0,17.0,206
89,38.0,80.0,169.0,7,161.0,41.0,20.0,186.0,389.0,137.0,72.44774346793349,5.0,15.0,197
98,44.0,78.0,160.0,8,142.0,47.0,18.0,160.0,300.0,171.0,63.0,19.0,2.0,207
104,52.0,96.0,188.0,9,188.0,35.0,22.0,206.0,530.0,205.0,67.0,11.0,8.0,200
99,57.0,109.0,220.0,11,221.0,30.0,25.0,234.0,725.0,236.0,70.0,10.0,25.0,200
86,42.0,65.0,125.0,7,150.0,45.0,19.0,171.0,327.0,172.0,85.0,2.0,8.0,182
107,57.0,102.0,184.0,7,234.0,28.0,26.0,243.0,822.0,229.0,77.0,7.0,11.0,187
109,54.0,103.0,205.0,11,222.0,30.0,25.0,229.0,720.0,213.0,71.0,6.0,14.0,200
89,44.0,76.0,125.0,10,156.0,44.0,20.0,163.0,352.0,176.0,76.0,12.0,12.0,193
99,51.0,88.0,188.0,5,203.0,32.0,23.0,222.0,625.0,219.0,77.0,8.0,26.0,190
97,45.0,91.0,161.0,10,151.0,45.0,19.0,166.0,334.0,171.0,65.0,18.0,20.0,205
87,41.0,73.0,158.0,7,151.0,44.0,19.0,175.0,341.0,152.0,73.0,3.0,8.0,194
89,40.0,72.0,155.0,7,146.0,45.0,19.0,175.0,321.0,145.0,72.0,4.0,10.0,196
86,40.0,75.0,146.0,6,140.0,48.0,18.0,158.0,290.0,162.0,72.0,3.0,21.0,190
83,37.0,54.0,131.0,4,135.0,50.0,18.0,152.0,271.0,141.0,85.0,3.0,6.0,183
102,54.0,101.0,190.0,10,222.0,30.0,25.0,224.0,728.0,203.0,71.0,13.0,6.0,198
99,55.0,101.0,219.0,10,224.0,30.0,25.0,228.0,737.0,213.0,74.0,11.0,20.0,196
101,54.0,106.0,168.88809523809525,7,236.0,28.0,26.0,256.0,833.0,253.0,81.0,6.0,14.0,185
117,52.0,110.0,228.0,12,212.0,31.0,24.0,228.0,668.0,220.0,66.0,21.0,25.0,205
88,44.0,77.0,167.0,6,151.0,44.0,19.0,175.0,343.0,177.0,64.0,9.0,12.0,208
95,44.0,84.0,158.0,10,145.0,46.0,19.0,163.0,312.0,166.0,64.0,10.0,6.0,206
89,40.0,69.0,147.0,6,132.0,50.0,18.0,155.0,260.0,151.0,61.0,16.0,6.0,209
97,46.0,101.0,210.0,8,192.0,35.0,22.0,208.0,546.0,169.0,66.0,1.0,32.0,200
88,38.0,58.0,137.0,5,148.0,46.0,19.0,163.0,319.0,157.0,86.0,12.0,0.0,183
91,46.0,78.0,148.0,9,147.0,45.0,19.0,168.0,323.0,199.0,70.0,13.0,11.0,200
81,47.0,69.0,146.0,6,151.0,44.0,19.0,171.0,340.0,195.0,75.0,5.0,0.0,188
98,50.0,90.0,192.0,9,177.0,37.0,21.0,195.0,472.0,197.0,65.0,10.0,1.0,201
93,42.0,88.0,188.0,10,183.0,36.0,21.0,208.0,504.0,168.0,70.0,3.0,12.0,197
91,45.0,76.0,171.0,7,150.0,44.0,19.0,170.0,340.0,179.0,69.0,12.0,1.0,201
109,49.0,109.0,193.0,10,207.0,32.0,24.0,225.0,635.0,213.0,70.0,13.0,31.0,202
87,45.0,82.0,164.0,8,156.0,42.0,19.0,181.0,366.0,174.0,70.0,2.0,2.0,196
100,49.0,96.0,206.0,9,186.0,35.0,22.0,202.0,519.0,176.0,62.0,3.0,5.0,205
108,52.0,109.0,182.0,12,216.0,31.0,24.0,229.0,687.0,214.0,72.0,10.0,28.0,201
101,46.0,105.0,195.0,10,198.0,34.0,23.0,213.0,578.0,195.0,66.0,7.0,38.0,205
95,47.0,81.0,176.0,7,168.0,39.0,20.0,196.0,425.0,185.0,67.0,4.0,4.0,198
89,47.0,85.0,147.0,10,153.0,44.0,19.0,175.0,349.0,186.0,74.0,13.0,7.0,197
87,45.0,77.0,153.0,7,154.0,44.0,19.0,181.0,350.0,172.0,75.0,15.0,14.0,189
108,54.0,105.0,203.0,11,202.0,33.0,23.0,216.0,608.0,235.0,68.0,12.0,3.0,200
90,47.0,85.0,149.0,10,155.0,43.0,19.0,179.0,355.0,186.0,75.0,1.0,5.0,196
82,37.0,59.0,134.0,7,135.0,51.0,18.0,151.0,264.0,143.0,82.0,11.0,24.0,185
84,45.0,68.0,148.0,6,146.0,46.0,19.0,168.0,317.0,180.0,75.0,5.0,1.0,187
89,47.0,81.0,156.0,8,161.0,41.0,20.0,187.0,388.0,197.0,72.0,9.0,15.0,193
96,41.0,77.0,177.0,5,177.0,36.0,21.0,205.0,485.0,148.0,74.0,0.0,4.0,198
97,45.0,72.0,187.0,5,161.0,40.0,20.0,178.0,399.0,186.0,70.0,7.0,7.0,203
97,47.0,87.0,164.0,9,156.0,43.0,20.0,188.63107947805457,359.0,182.0,68.0,1.0,13.0,202
96,47.0,77.0,204.0,6,167.0,38.0,20.0,188.0,429.0,182.0,69.0,6.0,16.0,203
87,36.0,53.0,117.0,4,118.0,57.0,17.0,138.0,205.0,138.0,85.0,9.0,15.0,183
109,52.0,95.0,189.0,4,227.0,29.0,25.0,262.0,776.0,217.0,82.0,0.0,19.0,186
104,51.0,108.0,193.0,11,217.0,31.0,24.0,232.0,694.0,203.0,72.0,15.0,22.0,201
87,37.0,60.0,132.0,6,128.0,52.0,18.0,154.0,243.0,132.0,71.0,1.0,14.0,192
82,36.0,54.0,117.0,7,125.0,54.0,18.0,146.0,229.0,128.0,78.0,1.0,5.0,184
105,56.0,98.0,209.0,11,217.0,31.0,24.0,225.0,696.0,216.0,72.0,2.0,19.0,199
80,39.0,60.0,122.0,6,139.0,49.0,18.0,151.0,281.0,142.0,80.0,0.0,5.0,186
106,54.0,100.0,227.0,4,250.0,27.0,27.0,280.0,923.0,262.0,88.0,5.0,11.0,182
81,46.0,71.0,141.0,7,153.0,44.0,19.0,177.0,347.0,190.0,80.0,1.0,14.0,187
100,51.0,109.0,224.0,9,217.0,30.0,24.0,238.0,704.0,206.0,72.0,6.0,18.0,199
88,44.0,71.0,145.0,8,142.0,48.0,19.0,159.0,296.0,174.0,68.0,7.0,18.0,197
94,49.0,87.0,159.0,10,157.0,43.0,20.0,179.0,363.0,203.0,75.0,4.0,0.0,194
99,43.0,89.0,195.0,8,186.0,35.0,22.0,210.0,521.0,166.0,68.0,6.0,13.0,199
90,47.0,85.0,145.0,9,152.0,44.0,19.0,175.0,345.0,184.0,73.0,4.0,2.0,197
94,47.0,85.0,333.0,49,155.0,43.0,19.0,320.0,354.0,187.0,135.0,12.0,9.0,196
100,57.0,107.0,207.0,11,227.0,30.0,25.0,234.0,756.0,205.0,72.0,6.0,19.0,198
86,42.0,65.0,113.0,8,152.0,45.0,19.0,169.0,332.0,171.0,85.0,4.0,16.0,183
91,38.0,70.0,160.0,25,140.0,47.0,18.0,162.0,296.0,130.0,67.0,4.0,11.0,202
93,44.0,90.0,166.0,10,153.0,44.0,19.0,170.0,348.0,143.0,66.0,9.0,17.0,203
86,47.0,75.0,165.0,6,154.0,43.0,19.0,176.0,356.0,190.0,74.0,7.0,3.0,194
90,49.0,83.0,187.0,7,176.0,37.0,21.0,205.0,467.0,222.0,70.0,1.0,2.0,195
97,37.0,76.0,169.0,8,161.0,41.0,20.0,189.0,391.0,136.0,72.0,0.0,0.0,192
108,44.828775267538646,106.0,177.0,5,256.0,26.0,28.0,285.0,966.0,261.0,87.0,11.0,2.0,181
89,41.0,75.0,162.0,5,153.0,43.0,19.0,175.0,352.0,154.0,72.0,2.0,0.0,195
98,38.0,70.0,186.0,6,164.0,39.0,20.0,189.0,413.0,129.0,71.0,3.0,17.0,203
87,42.0,64.0,150.0,10,133.0,50.0,18.0,157.0,265.0,159.0,67.0,7.0,0.0,201
107,53.0,108.0,213.0,12,206.0,32.0,23.0,216.0,627.0,202.0,65.0,21.0,22.0,205
85,37.0,80.0,158.0,8,153.0,44.0,19.0,179.0,348.0,136.0,69.0,6.0,21.0,197
101,52.0,105.0,162.0,10,212.0,31.0,24.0,226.0,669.0,204.0,74.0,12.0,11.0,194
96,39.0,77.0,160.0,8,140.0,47.0,18.0,161.0,294.0,124.0,62.0,15.0,3.0,208
103,48.0,101.0,204.0,12,200.0,33.0,23.0,215.0,595.0,164.0,66.0,8.0,22.0,202
88,40.0,73.0,173.0,7,150.0,44.0,19.0,174.0,341.0,151.0,69.0,2.0,20.0,200
80,38.0,64.0,130.0,8,134.0,51.0,18.0,152.0,259.0,135.0,76.0,1.0,23.0,188
91,38.0,75.0,136.0,6,144.0,47.0,19.0,165.0,305.0,149.0,69.0,1.0,7.0,191
86,45.0,71.0,155.0,7,146.0,45.0,19.0,167.0,322.0,176.0,72.0,5.0,6.0,196
86,38.0,86.0,175.0,9,170.0,39.0,21.0,191.0,433.0,138.0,68.0,1.0,28.0,199
89,45.0,77.0,188.0,9,161.0,41.0,20.0,190.0,390.0,174.0,66.0,4.0,2.0,201
78,36.0,51.0,116.0,4,120.0,57.0,17.0,135.0,209.0,135.0,84.0,1.0,12.0,184
80,43.0,71.0,133.0,7,150.0,45.0,19.0,170.0,330.0,176.0,81.0,6.0,15.0,184
88,36.0,78.0,160.0,6,140.0,48.0,18.0,161.0,287.0,129.0,66.0,4.0,35.0,202
85,45.0,82.0,133.0,11,159.0,43.0,20.0,170.0,362.0,173.0,76.0,10.0,21.0,193
101,53.0,108.0,184.0,12,216.0,31.0,24.0,220.0,685.0,187.0,68.0,4.0,24.0,201
89,44.0,70.0,158.0,6,141.0,47.0,18.0,164.0,299.0,173.0,66.0,9.0,11.0,199
96,36.0,74.0,183.0,6,149.0,43.0,19.0,178.0,341.0,127.0,69.0,0.0,17.0,205
87,43.0,70.0,169.0,7,152.0,44.0,19.0,177.0,341.0,171.0,76.0,6.0,12.0,187
93,34.0,72.0,144.0,6,133.0,50.0,18.0,158.0,263.0,125.0,63.0,5.0,20.0,206
96,39.0,58.0,117.0,6,133.0,52.0,18.0,154.0,255.0,150.0,86.0,6.0,0.0,182
98,48.0,101.0,195.0,11,207.0,31.0,23.0,227.0,650.0,193.0,71.0,5.0,7.0,196
90,34.0,66.0,158.0,7,140.0,47.0,18.0,165.0,298.0,117.0,61.0,1.0,3.0,207
85,45.0,70.0,120.0,7,149.0,45.0,19.0,169.0,326.0,186.0,81.0,8.0,4.0,184
91,41.0,93.0,197.0,9,183.0,36.0,21.0,202.0,504.0,153.0,66.0,11.0,24.0,200
89,36.0,69.0,142.0,7,135.0,50.0,18.0,154.0,266.0,128.0,66.0,3.0,36.0,203
106,53.0,98.0,203.0,11,220.0,30.0,25.0,228.0,710.0,214.0,71.0,10.0,24.0,197
86,38.0,89.0,176.0,9,169.0,39.0,20.0,190.0,428.0,148.0,67.0,7.0,33.0,202
112,50.0,104.0,197.0,11,208.0,32.0,24.0,223.0,639.0,186.0,67.0,15.0,22.0,202
84,37.0,70.0,145.0,9,136.0,48.0,18.0,159.0,280.0,140.0,68.0,11.0,9.0,202
104,53.0,108.0,206.0,11,217.0,31.0,24.0,226.0,694.0,209.0,67.0,0.0,9.0,201
99,47.0,91.0,226.0,5,202.0,32.0,23.0,234.0,629.0,186.0,79.0,4.0,11.0,191
84,38.0,83.0,141.0,7,149.0,45.0,19.0,177.0,327.0,149.0,74.0,6.0,29.0,191
85,42.0,70.0,130.0,7,150.0,45.0,19.0,177.0,328.0,172.0,82.0,10.0,14.0,185
104,51.0,105.0,168.0,10,208.0,32.0,24.0,220.0,641.0,221.0,72.0,9.0,20.0,197
85,37.0,68.0,145.0,6,130.0,51.0,18.0,150.0,253.0,121.0,65.0,3.0,14.0,203
93,42.0,64.0,123.0,7,135.0,51.0,18.0,164.0,262.0,155.0,78.0,16.0,12.0,185
84,40.0,71.0,131.0,7,150.0,45.0,19.0,167.0,330.0,165.0,80.0,12.0,1.0,186
91,49.0,86.0,195.0,8,177.0,37.0,21.0,203.0,473.0,201.0,67.0,7.0,5.0,198
98,47.0,109.0,202.0,11,199.0,34.0,23.0,207.0,586.0,165.0,61.0,1.0,33.0,208
101,51.0,98.0,194.0,10,195.0,34.0,22.0,219.0,572.0,219.0,67.0,0.0,10.0,201
90,47.0,73.0,136.0,11,161.0,42.0,20.0,172.0,376.0,185.0,77.0,11.0,8.0,191
91,36.0,60.0,126.0,6,119.0,56.0,17.0,139.0,211.0,118.0,67.0,6.0,14.0,198
99,50.0,88.0,204.0,10,185.0,35.0,22.0,209.0,517.0,193.0,66.0,12.0,11.0,201
102,53.0,101.0,238.0,4,238.0,28.0,26.0,267.0,844.0,242.0,85.0,7.0,22.0,184
89,46.0,74.0,135.0,9,157.0,44.0,20.0,170.0,356.0,177.0,79.0,12.0,3.0,191
101,52.0,101.0,197.0,9,188.0,35.0,22.0,208.0,527.0,203.0,67.0,14.0,15.0,202
95,57.0,104.0,228.0,10,212.0,31.0,24.0,224.0,670.0,223.0,74.0,0.0,4.0,193
101,53.0,91.0,194.0,6,204.0,32.0,23.0,231.0,636.0,214.0,78.0,5.0,14.0,192
91,39.0,82.0,164.0,10,143.0,46.0,19.0,164.0,308.0,158.0,68.0,13.0,9.0,201
91,46.0,75.0,185.0,7,154.0,42.0,19.0,178.0,362.0,192.0,72.0,8.0,8.0,199
94,37.0,74.0,169.0,7,162.0,41.0,20.0,178.0,394.0,130.0,63.0,6.0,6.0,204
92,38.0,74.0,178.0,9,161.0,41.0,20.0,181.0,388.0,132.0,63.0,7.0,29.0,206
95,43.0,71.0,159.0,6,145.0,45.0,19.0,169.0,322.0,171.0,67.0,8.0,4.0,200
106,52.0,101.0,213.0,11,201.0,33.0,23.0,214.0,607.0,204.0,65.0,2.0,4.0,204
81,43.0,68.0,139.0,7,149.0,46.0,19.0,172.0,323.0,171.0,83.0,1.0,14.0,184
92,43.0,70.0,124.0,6,139.0,49.0,18.0,164.0,282.0,172.0,79.0,4.0,16.0,185
83,45.0,73.0,161.0,8,142.0,46.0,18.0,169.0,305.0,179.0,71.0,10.0,3.0,199
103,57.0,105.0,221.0,11,218.0,30.0,24.0,226.0,706.0,250.0,73.0,10.0,2.0,195
98,42.0,90.0,192.0,9,178.0,37.0,21.0,189.0,480.0,138.0,61.0,3.0,8.0,208
90,41.0,62.0,147.0,6,128.0,52.0,18.0,149.0,246.0,157.0,61.0,13.0,4.0,208
106,52.0,107.0,211.0,8,200.0,33.0,23.0,218.0,602.0,200.0,67.0,9.0,17.0,201
97,47.0,81.0,183.0,8,168.0,39.0,20.0,193.0,426.0,182.0,70.0,11.0,2.0,198
85,40.0,66.0,121.0,4,152.0,44.0,19.0,170.0,340.0,163.0,87.0,13.0,3.0,183
100,49.0,80.0,206.0,6,183.0,35.0,21.0,206.0,517.0,198.0,73.0,3.0,13.0,199
82,43.0,71.0,154.0,7,150.0,45.0,19.0,171.0,330.0,173.0,78.0,7.0,11.0,186
78,43.0,70.0,147.0,8,147.0,46.0,19.0,169.0,319.0,168.0,77.0,1.0,12.0,186
96,54.0,104.0,168.88809523809525,10,215.0,31.0,24.0,221.0,682.0,222.0,75.0,13.0,23.0,194
105,51.0,108.0,201.0,11,220.0,30.0,25.0,232.0,711.0,202.0,72.0,12.0,16.0,200
92,40.0,62.0,144.0,8,127.0,52.0,17.0,149.0,241.0,150.0,62.0,13.0,1.0,210
91,44.0,66.0,151.0,7,137.0,48.0,18.0,166.0,280.0,167.0,72.0,1.0,9.0,194
104,55.0,109.0,230.0,12,218.0,30.0,24.0,230.0,706.0,226.0,67.0,8.0,22.0,202
105,50.0,93.0,173.0,4,222.0,30.0,25.0,254.0,735.0,206.0,83.0,4.0,12.0,184
107,56.0,105.0,202.0,11,221.0,30.0,25.0,234.0,725.0,212.0,72.0,15.0,1.0,196
82,40.0,73.0,141.0,8,153.0,44.0,19.0,173.0,342.0,153.0,75.0,11.0,9.0,187
97,55.0,104.0,219.0,9,211.0,32.0,24.0,222.0,658.0,223.0,74.0,1.0,24.0,196
101,55.0,101.0,183.0,13,225.0,30.0,25.0,225.0,741.0,204.0,71.0,5.0,10.0,198
89,46.0,78.0,150.0,11,160.0,43.0,20.0,170.0,367.0,176.0,73.0,5.0,9.0,194
94,45.0,89.0,213.0,5,186.0,35.0,22.0,204.0,533.0,182.0,71.0,4.0,13.0,198
86,42.0,64.0,122.0,6,148.0,46.0,19.0,170.0,319.0,171.0,87.0,1.0,3.0,182
104,55.0,100.0,201.0,10,214.0,31.0,24.0,224.0,680.0,221.0,74.0,1.0,1.0,194
104,54.0,91.0,209.0,11,218.0,31.0,24.0,223.0,697.0,196.0,74.0,4.0,21.0,196
94,46.0,79.0,181.0,8,167.0,40.0,20.0,190.0,418.0,193.0,67.0,12.0,15.0,198
86,38.0,76.0,143.0,8,142.0,47.0,18.0,167.0,301.0,138.0,71.0,5.0,10.0,196
90,48.0,78.0,143.0,11,161.0,43.0,20.0,172.0,374.0,186.0,75.0,2.0,2.0,193
83,46.0,71.0,156.0,6,151.0,44.0,19.0,174.0,338.0,198.0,80.0,3.0,11.0,186
104,57.0,103.0,222.0,12,221.0,30.0,25.0,223.0,718.0,218.0,72.0,11.0,12.0,195
93,45.0,81.0,177.0,7,160.0,41.0,20.0,180.0,383.0,188.0,70.0,11.0,11.0,199
82,39.0,86.0,140.0,7,153.0,45.0,19.0,174.0,338.0,139.0,71.0,11.0,18.0,189
102,51.0,108.0,193.0,10,212.0,31.0,24.0,219.0,663.0,184.0,66.0,7.0,21.0,201
108,54.0,109.0,189.0,11,220.0,31.0,25.0,229.0,709.0,214.0,70.0,12.0,23.0,201
97,45.0,76.0,175.0,9,157.0,42.0,20.0,180.0,370.0,169.0,63.0,16.0,12.0,206
85,43.0,66.0,130.0,6,151.0,45.0,19.0,173.0,333.0,168.0,86.0,4.0,9.0,183
102,54.0,98.0,177.0,10,219.0,31.0,25.0,219.0,706.0,223.0,72.0,5.0,17.0,196
106,54.0,105.0,164.0,5,247.0,27.0,27.0,269.0,891.0,243.0,84.0,12.0,1.0,182
94,45.0,72.0,179.0,6,156.0,41.0,19.0,181.0,373.0,191.0,69.0,5.0,5.0,198
106,55.0,98.0,224.0,11,215.0,31.0,24.0,222.0,439.49407582938386,214.0,68.0,2.0,29.0,201
94,43.0,82.0,136.0,10,155.0,43.0,19.0,176.0,359.0,161.0,74.0,1.0,6.0,197
88,36.0,53.0,113.0,3,118.0,57.0,17.0,137.0,204.0,136.0,88.0,7.0,14.0,183
102,54.0,98.0,167.0,10,217.0,31.0,24.0,228.0,692.0,223.0,72.0,0.0,31.0,198
101,56.0,100.0,204.0,12,227.0,30.0,25.0,231.0,757.0,204.0,73.0,0.0,11.0,197
105,54.0,96.0,185.0,10,219.0,30.0,25.0,231.0,706.0,217.0,75.0,5.0,12.0,195
86,36.0,66.0,128.0,8,131.0,52.0,18.0,148.0,252.0,139.0,76.0,5.0,27.0,187
91,39.0,72.0,133.0,7,146.0,46.0,19.0,170.0,314.0,149.0,77.0,9.0,18.0,189
97,46.0,94.0,209.0,10,195.0,34.0,22.0,224.0,573.0,194.0,70.0,0.0,14.0,197
115,53.0,100.0,205.0,11,220.0,30.0,25.0,229.0,710.0,214.0,71.0,21.0,11.0,199
101,51.0,112.0,201.0,11,214.0,32.0,24.0,223.0,667.0,194.0,65.0,0.0,36.0,206
93,35.0,78.0,162.0,8,150.0,45.0,19.0,172.0,331.0,137.0,67.0,2.0,33.0,198
95,46.0,92.0,159.0,11,160.0,42.0,20.0,176.0,372.0,171.0,70.0,7.0,21.0,200
101,55.0,105.0,182.0,10,215.0,31.0,24.0,221.0,678.0,223.0,74.0,12.0,26.0,195
86,43.0,70.0,126.0,6,148.0,46.0,19.0,166.0,317.0,171.0,86.0,6.0,9.0,182
88,38.0,77.0,156.0,7,163.0,41.0,20.0,184.0,395.0,140.0,67.0,1.0,9.0,198
103,54.0,107.0,189.0,11,223.0,30.0,25.0,225.0,729.0,200.0,70.0,0.0,29.0,201
95,37.0,71.0,171.0,9,157.0,43.0,20.0,178.0,365.0,125.0,63.0,5.0,40.0,208
89,38.0,74.0,138.0,7,136.0,49.0,18.0,167.0,278.0,128.0,72.0,7.0,7.0,193
76,38.0,58.0,125.0,5,133.0,51.0,18.0,152.0,259.0,145.0,87.0,0.0,21.0,184
92,42.0,75.0,172.0,8,147.0,45.0,19.0,174.0,322.0,160.0,62.0,22.0,10.0,211
107,54.0,108.0,228.0,12,218.0,31.0,25.0,223.0,700.0,224.0,67.0,13.0,25.0,204
85,40.0,75.0,137.0,7,152.0,44.0,19.0,173.0,339.0,160.0,76.0,7.0,16.0,187
88,39.0,76.0,155.0,8,137.0,48.0,18.0,156.0,281.0,124.0,63.0,3.0,6.0,209
89,40.0,89.0,174.0,8,177.0,37.0,21.0,202.0,471.0,155.0,70.0,7.0,18.0,196
93,40.0,73.0,139.0,6,136.0,49.0,18.0,166.0,275.0,137.0,73.0,0.0,0.0,188
89,36.0,69.0,162.0,6,140.0,48.0,18.0,188.63107947805457,291.0,126.0,66.0,1.0,38.0,204
90,43.0,81.0,231.0,46,150.0,45.0,19.0,200.0,332.0,164.0,91.0,5.0,9.0,196
105,52.0,107.0,207.0,11,218.0,31.0,24.0,221.0,701.0,197.0,66.0,0.0,20.0,203
92,45.0,76.0,162.0,7,159.0,41.0,20.0,184.0,381.0,177.0,69.0,8.0,10.0,195
97,44.0,95.0,202.0,9,188.0,35.0,22.0,216.0,526.0,175.0,72.0,15.0,11.0,197
109,49.0,103.0,186.0,11,206.0,32.0,23.0,212.0,630.0,186.0,65.0,12.0,21.0,201
95,47.0,73.0,195.0,7,167.0,38.0,20.0,184.0,430.0,185.0,69.0,9.0,19.0,206
86,43.0,61.0,119.0,8,150.0,46.0,19.0,169.0,326.0,172.0,85.0,8.0,8.0,182
88,48.0,90.0,178.0,8,175.0,38.0,21.0,200.0,460.0,198.0,68.0,13.0,16.0,199
107,55.0,103.0,167.0,7,252.0,27.0,28.0,269.0,904.0,239.0,83.0,5.0,30.0,186
104,49.0,105.0,209.0,11,207.0,32.0,24.0,217.0,637.0,168.0,64.0,0.0,19.0,207
89,41.0,63.0,134.0,6,123.0,55.0,17.0,148.0,223.0,150.0,76.0,12.0,3.0,188
90,39.0,57.0,114.0,7,135.0,51.0,18.0,155.0,261.0,151.0,85.0,12.0,8.0,182
98,44.0,88.0,176.0,10,158.0,43.0,20.0,173.0,367.0,154.0,66.0,14.0,9.0,202
102,55.0,101.0,213.0,12,222.0,30.0,25.0,226.0,719.0,213.0,71.0,2.0,21.0,199
86,40.0,66.0,139.0,7,122.0,54.0,17.0,145.0,225.0,143.0,63.0,7.0,11.0,208
101,49.0,103.0,212.0,10,201.0,33.0,23.0,215.0,601.0,174.0,69.0,4.0,11.0,196
109,55.0,96.0,191.0,6,241.0,28.0,26.0,267.0,857.0,242.0,85.0,8.0,9.0,184
92,45.0,74.0,187.0,7,157.0,41.0,19.0,179.0,375.0,183.0,70.0,8.0,6.0,201
88,34.0,58.0,140.0,6,127.0,52.0,18.0,148.0,243.0,113.0,63.0,4.0,10.0,206
93,39.0,86.0,180.0,9,167.0,39.0,20.0,186.0,418.0,129.0,63.0,6.0,17.0,204
96,37.0,74.0,187.0,8,159.0,42.0,20.0,183.0,378.0,134.0,69.0,3.0,16.0,197
88,43.0,70.0,177.0,19,152.0,44.0,19.0,180.0,342.0,168.0,76.0,1.0,9.0,189
88,44.0,84.0,135.0,12,155.0,44.0,20.0,176.0,351.0,164.0,75.0,7.0,11.0,195
92,40.0,66.0,111.0,7,139.0,50.0,19.0,159.0,277.0,148.0,85.0,12.0,19.0,183
88,44.0,70.0,151.0,8,143.0,46.0,18.0,163.0,311.0,173.0,68.0,7.0,8.0,203
94,39.0,75.0,184.0,8,155.0,42.0,19.0,175.0,365.0,145.0,70.0,4.0,5.0,200
107,51.0,103.0,182.0,11,213.0,31.0,24.0,226.0,673.0,217.0,72.0,2.0,4.0,198
86,38.0,58.0,119.0,4,118.0,57.0,17.0,140.0,208.0,152.0,78.0,9.0,2.0,186
79,39.0,72.0,127.0,9,142.0,48.0,19.0,165.0,295.0,144.0,77.0,7.0,21.0,189
90,39.0,89.0,181.0,8,175.0,38.0,21.0,200.0,458.0,154.0,70.0,11.0,15.0,195
86,45.0,66.0,126.0,8,148.0,46.0,19.0,170.0,321.0,186.0,86.0,0.0,7.0,182
113,48.0,98.0,208.0,9,203.0,33.0,23.0,216.0,613.0,183.0,64.0,17.0,29.0,204
87,49.0,86.0,190.0,9,177.0,37.0,21.0,197.0,471.0,209.0,67.0,11.0,7.0,199
108,56.0,102.0,246.0,6,239.0,28.0,26.0,264.0,855.0,228.0,82.0,9.0,13.0,185
86,40.0,66.0,138.0,4,137.0,49.0,18.0,162.0,279.0,151.0,74.0,6.0,14.0,190
85,43.0,66.0,121.0,7,150.0,46.0,19.0,169.0,324.0,175.0,87.0,0.0,5.0,182
101,56.0,101.0,231.0,10,217.0,31.0,24.0,232.0,698.0,216.0,72.0,2.0,6.0,197
105,55.0,96.0,181.0,9,219.0,30.0,25.0,231.0,713.0,216.0,74.0,4.0,5.0,194
88,39.0,88.0,194.0,8,168.0,40.0,20.0,199.0,416.0,151.0,74.0,3.0,22.0,192
113,53.0,93.0,197.0,11,216.0,31.0,24.0,221.0,688.0,196.0,72.0,6.0,25.0,199
89,42.0,75.0,140.0,6,145.0,46.0,19.0,170.0,312.0,166.0,71.0,15.0,26.0,198
98,35.0,70.0,182.0,5,155.0,41.0,19.0,184.0,371.0,117.0,71.0,3.0,22.0,205
101,48.0,85.0,191.0,11,175.0,38.0,21.0,192.0,458.0,187.0,62.0,5.0,22.0,210
108,54.0,103.0,212.0,11,208.0,32.0,24.0,228.0,648.0,240.0,71.0,9.0,0.0,197
91,40.0,83.0,166.0,8,160.0,41.0,20.0,189.0,383.0,155.0,72.0,5.0,7.0,191
86,43.0,69.0,123.0,6,150.0,46.0,19.0,174.0,325.0,177.0,87.0,3.0,7.0,182
97,35.0,66.0,151.0,8,128.0,52.0,18.0,148.0,246.0,112.0,66.0,6.0,2.0,200
105,53.0,108.0,206.0,12,222.0,31.0,25.0,226.0,712.0,201.0,71.0,15.0,35.0,203
94,43.0,69.0,161.0,7,152.0,43.0,19.0,175.0,349.0,187.0,67.0,12.0,11.0,198
96,45.0,87.0,169.0,10,154.0,44.0,19.0,167.0,351.0,174.0,67.0,9.0,8.0,201
89,47.0,80.0,131.0,11,160.0,43.0,20.0,175.0,369.0,174.0,77.0,1.0,7.0,193
104,55.0,105.0,216.0,11,205.0,32.0,23.0,221.0,623.0,216.0,71.0,9.0,18.0,196
109,54.0,103.0,220.0,11,214.0,31.0,24.0,229.0,677.0,212.0,70.0,1.0,23.0,201
109,53.0,103.0,210.0,11,219.0,30.0,25.0,229.0,707.0,212.0,71.0,6.0,3.0,199
99,54.0,100.0,199.0,9,200.0,33.0,23.0,222.0,600.0,241.0,70.0,2.0,7.0,198
92,46.0,82.0,170.0,8,165.0,40.0,20.0,181.0,409.0,164.0,61.0,8.0,11.0,208
84,38.0,66.0,138.0,6,126.0,54.0,18.0,144.0,232.0,139.0,70.0,4.0,7.0,190
85,42.0,66.0,120.0,7,149.0,45.0,19.0,173.0,325.0,163.0,85.0,5.0,4.0,182
89,36.0,68.0,141.0,8,139.0,47.0,18.0,166.0,291.0,127.0,73.0,7.0,1.0,196
108,53.0,104.0,181.0,11,220.0,31.0,25.0,226.0,712.0,214.0,72.0,15.0,18.0,199
104,54.0,101.0,197.0,11,213.0,31.0,24.0,218.0,669.0,222.0,74.0,14.0,4.0,196
100,51.0,89.0,199.0,6,201.0,32.0,23.0,219.0,622.0,205.0,74.0,6.0,7.0,193
85,35.0,64.0,129.0,6,116.0,57.0,17.0,138.0,200.0,123.0,65.0,1.0,23.0,203
98,55.0,108.0,168.0,11,224.0,30.0,25.0,231.0,737.0,217.0,73.0,8.0,30.0,198
84,38.0,74.0,138.0,8,139.0,49.0,18.0,160.0,282.0,127.0,72.0,9.0,20.0,191
89,38.0,78.0,153.0,7,146.0,46.0,19.0,166.0,314.0,142.0,69.0,0.0,9.0,194
104,55.0,105.0,223.0,10,223.0,30.0,25.0,237.0,737.0,218.0,75.0,14.0,11.0,196
84,44.0,65.0,128.0,8,150.0,46.0,19.0,169.0,325.0,176.0,82.0,1.0,11.0,183
80,36.0,69.0,127.0,7,128.0,53.0,18.0,147.0,240.0,133.0,70.0,2.0,21.0,191
79,43.0,72.0,141.0,8,153.0,44.0,19.0,175.0,344.0,174.0,78.0,0.0,8.0,188
89,43.0,77.0,147.0,8,144.0,46.0,19.0,163.0,308.0,174.0,64.0,13.0,5.0,201
83,40.0,59.0,116.0,7,132.0,52.0,18.0,145.0,250.0,157.0,84.0,12.0,6.0,183
89,50.0,83.0,195.0,6,178.0,37.0,21.0,207.0,481.0,210.0,71.0,1.0,6.0,194
90,40.0,83.0,178.0,8,178.0,37.0,21.0,199.0,472.0,157.0,71.0,1.0,14.0,193
88,42.0,66.0,133.0,6,123.0,54.0,17.0,147.0,227.0,160.0,66.0,8.0,4.0,198
96,43.0,82.0,161.0,5,186.0,34.0,22.0,215.0,534.0,162.0,75.0,0.0,6.0,196
93,39.0,63.0,146.0,7,128.0,52.0,18.0,149.0,246.0,158.0,63.0,9.0,7.0,204
98,46.0,77.0,199.0,7,166.0,39.0,20.0,184.0,422.0,180.0,69.0,13.0,9.0,203
93,39.0,78.0,164.0,8,139.0,48.0,18.0,157.0,290.0,126.0,64.0,4.0,7.0,208
100,51.0,109.0,231.0,11,220.0,30.0,25.0,238.0,722.0,206.0,73.0,11.0,19.0,198
90,36.0,85.0,184.0,6,160.0,41.0,20.0,187.0,385.0,139.0,66.0,9.0,31.0,203
88,40.0,79.0,183.0,7,176.0,38.0,21.0,200.0,462.0,150.0,66.0,0.0,29.0,199
97,53.0,105.0,225.0,12,221.0,30.0,25.0,226.0,713.0,202.0,70.0,3.0,20.0,200
84,37.0,70.0,150.0,7,137.0,49.0,18.0,156.0,278.0,121.0,64.0,0.0,23.0,205
86,39.0,62.0,129.0,6,116.0,57.0,17.0,137.0,203.0,145.0,64.0,7.0,9.0,204
85,38.0,72.0,130.0,9,134.0,51.0,18.0,145.0,261.0,123.0,65.0,1.0,24.0,198
87,42.0,60.0,116.0,6,150.0,46.0,19.0,169.0,324.0,171.0,85.0,2.0,14.0,182
103,56.0,105.0,183.0,10,210.0,32.0,24.0,217.0,648.0,218.0,72.0,13.0,22.0,196
90,49.0,85.0,141.0,11,159.0,43.0,20.0,173.0,365.0,186.0,75.0,1.0,11.0,192
80,34.0,42.0,110.0,3,114.0,59.0,17.0,131.0,191.0,121.0,87.0,4.0,7.0,183
92,37.0,75.0,191.0,6,161.0,40.0,20.0,180.0,393.0,135.0,69.0,1.0,14.0,202
85,33.0,50.0,104.0,4,115.0,59.0,17.0,136.0,193.0,127.0,83.0,1.0,30.0,185
88,34.0,69.0,152.0,5,138.0,48.0,18.0,158.0,284.0,120.0,62.0,9.0,29.0,210
92,42.0,69.0,153.0,8,140.0,48.0,18.0,165.0,290.0,151.0,64.0,10.0,21.0,206
83,37.0,49.0,112.0,5,122.0,55.0,17.0,144.0,219.0,146.0,85.0,8.0,16.0,184
98,39.0,68.0,136.0,8,131.0,52.0,18.0,159.0,251.0,134.0,72.0,4.0,10.0,187
97,55.0,96.0,170.0,10,216.0,31.0,24.0,219.0,685.0,218.0,75.0,0.0,4.0,193
108,56.0,103.0,234.0,10,221.0,30.0,25.0,232.0,718.0,214.0,73.0,8.0,3.0,197
90,48.0,81.0,144.0,9,150.0,44.0,19.0,173.0,333.0,200.0,75.0,2.0,0.0,195
96,40.0,100.0,178.0,8,181.0,37.0,21.0,205.0,486.0,160.0,68.0,5.0,34.0,202
106,52.0,108.0,207.0,12,221.0,31.0,25.0,229.0,709.0,200.0,73.0,22.0,38.0,205
84,36.0,75.0,136.0,6,140.0,48.0,18.0,166.0,290.0,138.0,71.0,4.0,36.0,195
104,53.0,101.0,190.0,10,213.0,32.0,24.0,218.0,664.0,202.0,74.0,13.0,21.0,198
83,44.0,70.0,166.0,5,143.0,46.0,18.0,166.0,306.0,170.0,69.0,7.0,6.0,193
88,44.0,71.0,165.0,7,144.0,46.0,19.0,167.0,312.0,172.0,71.0,4.0,4.0,193
98,51.0,84.0,207.0,7,184.0,35.0,21.0,199.0,520.0,198.0,72.0,9.0,11.0,199
90,42.0,63.0,144.0,7,131.0,50.0,18.0,154.0,259.0,162.0,65.0,15.0,3.0,204
86,40.0,63.0,135.0,5,133.0,50.0,18.0,152.0,262.0,166.0,70.0,9.0,2.0,191
103,49.0,107.0,179.0,12,208.0,32.0,24.0,214.0,644.0,183.0,66.0,1.0,12.0,200
86,44.0,70.0,140.0,6,148.0,45.0,19.0,170.0,322.0,185.0,82.0,10.0,1.0,183
102,52.0,101.0,213.0,10,203.0,33.0,23.0,214.0,616.0,186.0,65.0,0.0,19.0,203
81,38.0,53.0,123.0,6,134.0,51.0,18.0,147.0,259.0,148.0,83.0,10.0,6.0,184
97,41.0,62.0,133.0,7,130.0,52.0,18.0,158.0,247.0,157.0,78.0,5.0,7.0,186
96,41.0,69.0,153.0,7,141.0,47.0,18.0,162.0,297.0,169.0,61.0,11.0,8.0,209
86,44.0,65.0,129.0,6,152.0,45.0,19.0,168.0,331.0,177.0,83.0,4.0,13.0,183
97,49.0,76.0,203.0,7,178.0,36.0,21.0,194.0,487.0,186.0,72.0,0.0,7.0,200
108,55.0,105.0,230.0,11,218.0,30.0,24.0,228.0,709.0,210.0,69.0,14.0,4.0,197
91,52.0,98.0,196.0,9,193.0,34.0,22.0,216.0,562.0,244.0,69.0,3.0,1.0,199
84,43.0,76.0,180.0,7,155.0,43.0,19.0,180.0,359.0,173.0,77.0,5.0,12.0,190
95,46.0,104.0,208.0,9,191.0,35.0,22.0,210.0,543.0,169.0,68.0,0.0,28.0,200
95,43.0,83.0,198.0,6,177.0,36.0,21.0,189.0,484.0,163.0,68.0,6.0,4.0,198
96,46.0,88.0,160.0,9,151.0,44.0,19.0,173.0,339.0,182.0,70.0,15.0,11.0,199
86,44.0,77.0,155.0,7,152.0,44.0,19.0,174.0,345.0,161.0,72.0,9.0,0.0,192
90,38.0,79.0,185.0,6,160.0,40.0,20.0,178.0,393.0,133.0,66.0,2.0,14.0,205
85,38.0,75.0,132.0,7,147.0,46.0,19.0,171.0,318.0,145.0,75.0,7.0,25.0,188
105,53.0,105.0,184.0,11,211.0,31.0,24.0,224.0,661.0,218.0,71.0,0.0,15.0,197
89,38.0,77.0,161.0,7,149.0,45.0,19.0,174.0,327.0,153.0,71.0,6.0,21.0,193
98,55.0,104.0,213.0,9,206.0,32.0,23.0,223.0,629.0,220.0,72.0,5.0,19.0,196
85,40.0,66.0,136.0,6,142.0,48.0,19.0,164.0,295.0,164.0,77.0,2.0,22.0,186
97,37.0,78.0,181.0,8,161.0,41.0,20.0,182.0,389.0,117.0,62.0,2.0,28.0,211
97,41.0,92.0,197.0,10,179.0,37.0,21.0,197.0,481.0,136.0,63.0,4.0,3.0,204
100,47.0,88.0,190.0,10,171.0,38.0,21.0,186.0,440.0,169.0,59.0,15.0,18.0,210
86,35.0,44.0,110.0,2,119.0,57.0,17.0,139.0,208.0,137.0,90.0,6.0,1.0,183
84,42.0,76.0,156.0,7,151.0,44.0,19.0,179.0,339.0,157.0,75.0,0.0,20.0,193
89,45.0,85.0,149.0,11,158.0,43.0,20.0,177.0,362.0,173.0,75.0,12.0,16.0,193
91,39.0,77.0,153.0,8,139.0,48.0,18.0,159.0,289.0,123.0,62.0,8.0,17.0,209
96,50.0,94.0,215.0,9,187.0,35.0,22.0,214.0,525.0,214.0,67.0,8.0,6.0,201
88,35.0,60.0,143.0,7,128.0,52.0,18.0,147.0,246.0,109.0,62.0,1.0,6.0,209
110,46.0,100.0,197.0,9,193.0,34.0,22.0,209.0,561.0,160.0,65.0,11.0,7.0,203
87,41.0,66.0,140.0,6,148.0,46.0,19.0,164.0,318.0,178.0,79.0,19.0,2.0,185
89,47.0,83.0,169.0,8,164.0,40.0,20.0,189.0,402.0,190.0,72.0,7.0,10.0,193
90,43.0,72.0,157.0,8,136.0,49.0,18.0,158.0,279.0,167.0,64.0,4.0,6.0,209
90,47.0,85.0,161.0,10,163.0,42.0,20.0,177.0,389.0,185.0,73.0,9.0,0.0,195
102,43.0,96.0,197.0,10,185.0,36.0,22.0,202.0,513.0,139.0,65.0,8.0,12.0,204
110,53.0,104.0,223.0,10,211.0,32.0,24.0,223.0,659.0,210.0,67.0,5.0,16.0,203
94,46.0,91.0,175.0,12,157.0,43.0,20.0,172.0,358.0,192.0,69.0,15.0,21.0,200
85,44.0,66.0,125.0,6,148.0,45.0,19.0,170.0,323.0,185.0,84.0,8.0,1.0,183
95,51.0,96.0,196.0,9,190.0,35.0,22.0,208.0,543.0,235.0,68.0,13.0,0.0,198
103,41.0,83.0,194.0,9,175.0,38.0,21.0,199.0,455.0,138.0,65.0,7.0,30.0,206
97,47.0,88.0,183.0,7,197.0,33.0,23.0,214.0,596.0,201.0,74.0,8.0,0.0,191
91,35.0,66.0,159.0,7,147.0,45.0,19.0,169.0,322.0,123.0,64.0,1.0,1.0,203
92,37.0,80.0,180.0,8,154.0,43.0,19.0,180.0,353.0,144.0,69.0,6.0,9.0,195
100,58.0,109.0,230.0,11,226.0,30.0,25.0,234.0,752.0,207.0,72.0,0.0,13.0,198
82,43.0,73.0,158.0,7,151.0,44.0,19.0,181.0,337.0,173.0,80.0,2.0,17.0,188
105,51.0,80.0,207.0,6,195.0,33.0,22.0,214.0,579.0,188.0,75.0,6.0,20.0,194
86,45.0,70.0,122.0,7,148.0,45.0,19.0,170.0,324.0,186.0,84.0,9.0,5.0,183
89,41.0,76.0,183.0,7,157.0,42.0,19.0,181.0,373.0,153.0,74.0,8.0,12.0,195
95,46.0,76.0,162.0,11,162.0,42.0,20.0,175.0,381.0,172.0,74.0,8.0,4.0,193
96,46.0,70.0,194.0,6,167.0,39.0,20.0,183.0,427.0,171.0,69.0,17.0,10.0,203
90,46.0,73.0,137.0,11,161.0,43.0,20.0,170.0,373.0,186.0,76.0,0.0,9.0,193
110,56.0,109.0,199.0,5,251.0,27.0,27.0,272.0,928.0,268.0,82.0,11.0,10.0,183
99,38.0,74.0,184.0,6,164.0,39.0,20.0,193.0,414.0,137.0,71.0,2.0,22.0,202
85,42.0,66.0,120.0,7,149.0,46.0,19.0,169.0,321.0,160.0,85.0,10.0,7.0,182
88,40.0,69.0,146.0,7,130.0,51.0,18.0,147.0,252.0,144.0,64.0,1.0,1.0,200
106,57.0,107.0,235.0,6,262.0,26.0,28.0,285.0,987.0,260.0,86.0,9.0,31.0,184
89,35.0,52.0,121.0,4,122.0,55.0,17.0,139.0,220.0,128.0,82.0,5.0,13.0,184
105,51.0,105.0,197.0,11,191.0,35.0,22.0,207.0,545.0,194.0,64.0,18.0,4.0,205
94,40.0,85.0,186.0,9,169.0,39.0,20.0,184.0,430.0,133.0,61.0,2.0,9.0,210
86,45.0,71.0,170.0,6,146.0,45.0,19.0,172.0,321.0,189.0,71.0,10.0,8.0,191
108,51.0,100.0,206.0,10,196.0,34.0,23.0,214.0,576.0,201.0,65.0,7.0,16.0,205
90,46.0,75.0,133.0,11,160.0,43.0,20.0,173.0,369.0,171.0,77.0,0.0,16.0,192
100,43.0,92.0,197.0,10,180.0,36.0,21.0,200.0,489.0,153.0,64.0,6.0,9.0,205
92,41.0,66.0,125.0,7,139.0,50.0,18.0,160.0,275.0,161.0,81.0,7.0,19.0,184
89,38.0,82.0,156.0,8,153.0,43.0,19.0,179.0,351.0,137.0,70.0,1.0,1.0,192
92,37.0,75.0,184.0,6,154.0,42.0,19.0,184.0,363.0,127.0,71.0,0.0,4.0,202
83,42.0,71.0,152.0,7,149.0,45.0,19.0,172.0,331.0,158.0,74.0,2.0,2.0,190
93,47.0,83.0,165.0,7,167.0,40.0,20.0,197.0,417.0,201.0,73.0,12.0,4.0,192
106,53.0,98.0,192.0,11,217.0,31.0,24.0,228.0,693.0,191.0,71.0,11.0,24.0,198
108,49.0,103.0,200.0,10,206.0,32.0,23.0,227.0,635.0,215.0,72.0,6.0,16.0,198
96,48.0,83.0,177.0,8,171.0,39.0,21.0,195.0,438.0,196.0,67.0,15.0,0.0,201
93,43.0,78.0,162.0,8,137.0,48.0,18.0,156.0,281.0,159.0,63.0,17.0,12.0,210
99,52.0,104.0,177.0,10,210.0,32.0,24.0,219.0,657.0,215.0,73.0,3.0,2.0,194
110,54.0,102.0,201.0,11,213.0,31.0,24.0,222.0,669.0,221.0,73.0,17.0,16.0,198
82,43.0,70.0,250.0,55,139.0,48.0,18.0,231.0,289.0,172.0,99.0,4.0,9.0,199
92,35.0,58.0,136.0,6,122.0,55.0,17.0,142.0,222.0,116.0,64.0,6.0,17.0,203
94,49.0,82.0,137.0,10,159.0,43.0,20.0,176.0,367.0,186.0,76.0,10.0,7.0,192
95,42.0,96.0,197.0,9,178.0,37.0,21.0,199.0,474.0,149.0,67.0,1.0,29.0,200
102,54.0,98.0,201.0,6,225.0,29.0,25.0,246.0,766.0,231.0,79.0,9.0,14.0,187
100,54.0,102.0,206.0,10,198.0,33.0,23.0,224.0,587.0,240.0,72.0,4.0,11.0,196
105,45.0,100.0,195.0,10,198.0,33.0,23.0,214.0,586.0,186.0,67.0,8.0,5.0,200
107,53.0,108.0,211.0,11,219.0,31.0,25.0,228.0,704.0,198.0,69.0,10.0,21.0,203
94,44.0,70.0,186.0,8,153.0,42.0,19.0,171.0,361.0,178.0,67.0,7.0,2.0,206
100,52.0,109.0,225.0,10,222.0,30.0,25.0,241.0,731.0,207.0,73.0,7.0,28.0,199
97,41.0,88.0,184.0,9,175.0,38.0,21.0,192.0,459.0,147.0,63.0,1.0,5.0,205
96,46.0,74.0,202.0,5,163.0,39.0,20.0,185.0,408.0,191.0,70.0,7.0,8.0,200
104,52.0,110.0,172.0,10,219.0,30.0,25.0,235.0,711.0,218.0,74.0,10.0,28.0,198
104,53.0,101.0,199.0,11,213.0,31.0,24.0,216.0,667.0,221.0,72.0,12.0,12.0,198
91,38.0,76.0,172.0,8,167.0,40.0,20.0,196.0,415.0,145.0,71.0,0.0,28.0,198
105,54.0,108.0,234.0,12,215.0,31.0,24.0,226.0,687.0,228.0,68.0,4.0,22.0,201
94,45.0,85.0,163.0,10,157.0,44.0,20.0,170.0,357.0,176.0,73.0,17.0,11.0,195
105,46.0,100.0,195.0,9,193.0,34.0,22.0,207.0,557.0,161.0,65.0,5.0,9.0,202
94,45.0,85.0,160.0,10,158.0,43.0,20.0,174.0,367.0,162.0,68.0,1.0,6.0,199
91,37.0,76.0,138.0,8,132.0,51.0,18.0,157.0,256.0,124.0,69.0,0.0,12.0,192
102,48.0,105.0,214.0,10,201.0,33.0,23.0,214.0,600.0,178.0,64.0,0.0,25.0,204
96,44.0,68.0,190.0,7,155.0,41.0,19.0,179.0,372.0,166.0,67.0,5.0,7.0,206
85,36.0,72.0,127.0,7,127.0,54.0,18.0,144.0,233.0,123.0,70.0,3.0,30.0,194
103,48.0,96.0,232.0,10,205.0,32.0,23.0,226.0,633.0,197.0,71.0,2.0,15.0,196
101,55.0,107.0,200.0,11,225.0,30.0,25.0,228.0,730.0,204.0,74.0,8.0,35.0,201
103,52.0,103.0,170.0,7,236.0,28.0,26.0,254.0,816.0,250.0,82.0,3.0,23.0,184
85,45.0,73.0,167.0,8,143.0,46.0,18.0,173.0,307.0,176.0,71.0,2.0,0.0,199
114,57.0,102.0,181.0,6,257.0,26.0,28.0,287.0,968.0,261.0,85.0,2.0,21.0,184
88,40.0,55.0,114.0,7,132.0,53.0,18.0,142.0,249.0,158.0,87.0,0.0,7.0,183
86,37.0,77.0,144.0,7,154.0,43.0,19.0,179.0,352.0,145.0,71.0,14.0,13.0,191
102,51.0,104.0,217.0,10,204.0,32.0,23.0,220.0,621.0,195.0,68.0,3.0,19.0,197
105,51.0,93.0,160.0,7,217.0,30.0,24.0,240.0,703.0,208.0,81.0,9.0,25.0,188
100,50.0,98.0,204.0,6,218.0,30.0,24.0,232.0,719.0,213.0,77.0,8.0,7.0,189
96,44.0,85.0,166.0,10,155.0,43.0,19.0,167.0,355.0,159.0,67.0,3.0,10.0,202
109,52.0,104.0,199.0,12,215.0,31.0,24.0,220.0,691.0,212.0,67.0,11.0,7.0,199
87,39.0,74.0,165.0,6,145.0,45.0,19.0,173.0,318.0,139.0,70.0,3.0,21.0,200
90,41.0,78.0,145.0,7,138.0,48.0,18.0,161.0,284.0,158.0,67.0,0.0,1.0,197
98,48.0,101.0,203.0,9,197.0,33.0,23.0,216.0,584.0,174.0,68.0,2.0,5.0,197
96,46.0,88.0,174.0,10,155.0,43.0,19.0,173.0,354.0,182.0,69.0,14.0,15.0,202
85,43.0,69.0,141.0,7,152.0,44.0,19.0,178.0,341.0,179.0,84.0,1.0,4.0,184
91,42.0,66.0,142.0,9,134.0,50.0,18.0,163.0,268.0,164.0,69.0,6.0,5.0,197
80,43.0,68.0,123.0,7,150.0,46.0,19.0,169.0,327.0,176.0,81.0,7.0,14.0,184
93,46.0,85.0,169.0,9,151.0,44.0,19.0,169.0,339.0,179.0,67.0,0.0,4.0,204
93,51.0,90.0,209.0,8,183.0,36.0,22.0,211.0,506.0,230.0,70.0,6.0,1.0,196
96,40.0,78.0,170.0,7,174.0,38.0,21.0,197.0,455.0,160.0,68.0,3.0,29.0,200
85,36.0,51.0,115.0,5,119.0,57.0,17.0,139.0,207.0,127.0,81.0,13.0,5.0,184
100,36.0,73.0,199.0,6,162.0,40.0,20.0,189.0,401.0,125.0,72.0,6.0,19.0,204
91,36.0,72.0,162.0,8,150.0,44.0,19.0,166.0,334.0,121.0,63.0,2.0,22.0,205
91,41.0,64.0,148.0,8,129.0,51.0,18.0,161.0,249.0,153.0,68.0,6.0,12.0,201
86,39.0,58.0,125.0,5,117.0,57.0,17.0,140.0,204.0,148.0,69.0,7.0,6.0,194
95,53.0,95.0,202.0,10,193.0,34.0,22.0,220.0,559.0,237.0,71.0,3.0,2.0,196
91,43.0,72.0,142.0,7,149.0,45.0,19.0,168.0,327.0,165.0,72.0,13.0,23.0,191
81,45.0,68.0,137.0,7,152.0,45.0,19.0,167.0,333.0,179.0,81.0,3.0,13.0,183
94,50.0,84.0,138.0,10,156.0,44.0,20.0,171.0,351.0,187.0,77.0,5.0,6.0,191
107,45.0,92.0,197.0,10,188.0,35.0,22.0,202.0,526.0,159.0,64.0,12.0,20.0,203
115,51.0,100.0,201.0,12,196.0,34.0,23.0,207.0,573.0,184.0,62.0,22.0,1.0,208
90,44.0,69.0,152.0,7,135.0,49.0,18.0,165.0,272.0,162.0,75.0,3.0,2.0,191
102,52.0,98.0,225.0,10,214.0,31.0,24.0,228.0,682.0,199.0,71.0,0.0,16.0,196
103,53.0,106.0,172.0,10,212.0,32.0,24.0,220.0,660.0,223.0,73.0,16.0,24.0,197
84,43.0,70.0,123.0,8,151.0,45.0,19.0,173.0,332.0,176.0,81.0,1.0,12.0,184
98,38.0,78.0,191.0,8,169.0,39.0,20.0,197.0,430.0,141.0,67.0,9.0,20.0,199
88,39.0,70.0,166.0,7,148.0,44.0,19.0,167.0,332.0,143.0,69.0,5.0,13.0,201
91,46.0,101.0,199.0,9,196.0,34.0,23.0,219.0,574.0,199.0,73.0,5.0,8.0,194
91,36.0,83.0,162.0,8,142.0,47.0,19.0,163.0,298.0,137.0,63.0,0.0,31.0,200
80,44.0,68.0,120.0,8,151.0,45.0,19.0,170.0,333.0,190.0,80.0,4.0,16.0,185
97,48.0,105.0,212.0,11,201.0,33.0,23.0,212.0,602.0,162.0,64.0,2.0,7.0,202
92,52.0,93.0,204.0,9,189.0,35.0,22.0,214.0,536.0,240.0,72.0,2.0,5.0,195
87,42.0,70.0,139.0,7,149.0,45.0,19.0,177.0,327.0,156.0,78.0,6.0,9.0,188
94,37.0,72.0,146.0,9,133.0,50.0,18.0,161.0,262.0,128.0,69.0,2.0,7.0,195
97,38.0,75.0,188.0,6,171.0,37.0,20.0,199.0,450.0,137.0,74.0,2.0,6.0,199
96,45.0,101.0,201.0,9,192.0,34.0,22.0,218.0,552.0,195.0,73.0,3.0,19.0,197
106,53.0,98.0,154.0,4,237.0,28.0,26.0,263.0,838.0,222.0,82.0,4.0,17.0,184
111,50.0,103.0,199.0,11,211.0,31.0,24.0,223.0,663.0,188.0,68.0,9.0,9.0,200
96,39.0,64.0,111.0,8,134.0,52.0,18.0,160.0,258.0,139.0,80.0,7.0,20.0,184
109,47.0,96.0,206.0,9,198.0,33.0,23.0,219.0,586.0,191.0,70.0,4.0,13.0,198
88,42.0,64.0,151.0,8,130.0,51.0,18.0,150.0,253.0,161.0,63.0,3.0,2.0,210
87,44.0,98.0,211.0,10,189.0,35.0,22.0,214.0,535.0,178.0,71.0,2.0,21.0,194
107,54.0,96.0,201.0,12,218.0,31.0,24.0,221.0,694.0,217.0,71.0,2.0,21.0,198
87,37.0,52.0,116.0,6,115.0,58.0,17.0,135.0,196.0,144.0,74.0,11.0,22.0,190
85,43.0,66.0,123.0,6,148.0,46.0,19.0,166.0,319.0,171.0,85.0,6.0,11.0,182
107,55.0,103.0,213.0,11,219.0,30.0,25.0,221.0,709.0,216.0,70.0,10.0,7.0,197
93,37.0,70.0,126.0,9,127.0,53.0,18.0,156.0,238.0,119.0,71.0,2.0,13.0,190
115,52.0,100.0,203.0,10,217.0,31.0,24.0,229.0,697.0,214.0,72.0,14.0,4.0,197
90,39.0,85.0,160.0,7,163.0,41.0,20.0,189.0,396.0,158.0,71.0,7.0,13.0,192
85,43.0,66.0,120.0,5,148.0,46.0,19.0,168.0,320.0,174.0,87.0,8.0,2.0,181
86,43.0,68.0,150.0,9,138.0,48.0,18.0,161.0,285.0,174.0,69.0,6.0,0.0,201
100,51.0,104.0,163.0,10,206.0,32.0,23.0,217.0,631.0,193.0,69.0,5.0,21.0,196
98,46.0,88.0,191.0,6,192.0,34.0,22.0,215.0,563.0,174.0,73.0,2.0,26.0,197
87,41.0,76.0,165.0,7,148.0,45.0,19.0,171.0,327.0,152.0,72.0,7.0,13.0,195
83,40.0,53.0,114.0,6,132.0,53.0,18.0,142.0,247.0,157.0,86.0,8.0,7.0,183
85,38.0,63.0,130.0,7,122.0,55.0,17.0,137.0,219.0,144.0,64.0,20.0,8.0,201
111,53.0,108.0,211.0,11,207.0,32.0,23.0,217.0,636.0,216.0,64.0,21.0,2.0,205
103,56.0,100.0,185.0,11,216.0,31.0,24.0,219.0,684.0,219.0,75.0,15.0,11.0,194
92,39.0,76.0,180.0,6,152.0,43.0,19.0,179.0,350.0,143.0,72.0,6.0,14.0,200
88,41.0,80.0,147.0,8,146.0,45.0,19.0,169.0,318.0,161.0,71.0,4.0,16.0,197
84,38.0,60.0,128.0,5,132.0,50.0,18.0,148.0,261.0,141.0,75.0,8.0,4.0,188
89,44.0,80.0,191.0,6,162.0,40.0,20.0,189.0,396.0,180.0,66.0,13.0,11.0,199
93,47.0,84.0,205.0,7,176.0,36.0,21.0,190.0,476.0,201.0,70.0,7.0,19.0,201
104,52.0,101.0,206.0,10,198.0,33.0,23.0,207.0,587.0,204.0,64.0,2.0,5.0,204
81,43.0,68.0,148.0,7,150.0,45.0,19.0,175.0,330.0,171.0,80.0,1.0,2.0,185
88,45.0,82.0,155.0,8,154.0,43.0,19.0,180.0,357.0,170.0,69.0,3.0,0.0,193
103,51.0,105.0,174.0,11,210.0,32.0,24.0,222.0,650.0,222.0,73.0,8.0,9.0,196
83,46.0,68.0,139.0,6,150.0,44.0,19.0,172.0,336.0,183.0,74.0,5.0,3.0,191
79,38.0,55.0,120.0,5,142.0,48.0,19.0,153.0,295.0,145.0,81.0,4.0,2.0,183
97,55.0,103.0,197.0,11,215.0,31.0,24.0,219.0,677.0,219.0,75.0,5.0,24.0,194
83,39.0,69.0,127.0,5,135.0,49.0,18.0,155.0,274.0,162.0,69.0,16.0,6.0,190
98,38.0,72.0,192.0,5,166.0,38.0,20.0,189.0,427.0,138.0,70.0,1.0,3.0,202
90,48.0,77.0,132.0,10,157.0,44.0,20.0,169.0,354.0,187.0,78.0,1.0,3.0,191
85,43.0,66.0,123.0,7,150.0,45.0,19.0,172.0,326.0,173.0,83.0,4.0,15.0,183
81,45.0,68.0,154.0,22,151.0,45.0,19.0,186.0,335.0,186.0,88.0,1.0,10.0,185
90,48.0,85.0,157.0,11,161.0,43.0,20.0,175.0,375.0,186.0,74.0,3.0,16.0,195
104,53.0,108.0,204.0,11,220.0,31.0,25.0,226.0,707.0,203.0,71.0,14.0,30.0,203
95,43.0,96.0,202.0,10,189.0,35.0,22.0,217.0,534.0,166.0,71.0,6.0,27.0,197
93,42.0,98.0,192.0,9,185.0,36.0,22.0,206.0,508.0,173.0,70.0,10.0,21.0,197
87,38.0,71.0,123.0,8,137.0,49.0,18.0,158.0,277.0,145.0,75.0,0.0,9.0,186
104,56.0,96.0,231.0,11,220.0,30.0,25.0,223.0,713.0,218.0,73.0,6.0,16.0,195
95,41.0,82.0,170.0,9,145.0,46.0,19.0,163.0,314.0,140.0,64.0,4.0,8.0,207
105,54.0,105.0,213.0,10,200.0,33.0,23.0,214.0,597.0,214.0,68.0,10.0,20.0,198
106,55.0,96.0,196.0,12,221.0,30.0,25.0,225.0,717.0,214.0,72.0,9.0,13.0,196
86,39.0,84.0,149.0,8,156.0,43.0,20.0,185.0,358.0,157.0,74.0,0.0,23.0,190
95,49.0,92.0,193.0,10,178.0,37.0,21.0,200.0,478.0,171.0,64.0,2.0,0.0,206
99,57.0,100.0,177.0,13,224.0,30.0,25.0,223.0,726.0,213.0,72.0,4.0,7.0,198
89,42.0,66.0,125.0,7,131.0,51.0,18.0,162.0,254.0,162.0,73.0,10.0,17.0,191
95,49.0,82.0,139.0,11,159.0,43.0,20.0,173.0,365.0,185.0,75.0,7.0,10.0,191
97,37.0,70.0,173.0,7,151.0,43.0,19.0,167.0,346.0,119.0,65.0,0.0,16.0,208
100,47.0,70.0,185.0,7,162.0,40.0,20.0,179.0,406.0,172.0,68.0,9.0,6.0,205
108,49.0,109.0,204.0,11,212.0,31.0,24.0,229.0,665.0,215.0,71.0,16.0,11.0,199
92,46.0,83.0,154.0,6,160.0,41.0,20.0,185.0,382.0,184.0,71.0,10.0,5.0,191
82,36.0,51.0,114.0,4,135.0,50.0,18.0,150.0,268.0,144.0,86.0,15.0,4.0,182
111,58.0,105.0,183.0,6,265.0,26.0,29.0,285.0,1018.0,255.0,85.0,4.0,8.0,183
87,45.0,66.0,139.0,8,140.0,47.0,18.0,168.0,294.0,175.0,73.0,3.0,12.0,196
94,46.0,77.0,169.0,8,158.0,42.0,20.0,181.0,373.0,181.0,67.0,12.0,2.0,199
95,43.0,76.0,142.0,10,151.0,44.0,19.0,173.0,339.0,159.0,71.0,2.0,23.0,200
90,44.0,72.0,157.0,8,137.0,48.0,18.0,159.0,283.0,171.0,65.0,9.0,4.0,203
93,34.0,66.0,140.0,7,130.0,51.0,18.0,151.0,251.0,114.0,62.0,5.0,29.0,207
93,39.0,87.0,183.0,8,169.0,40.0,20.0,200.0,422.0,149.0,72.0,7.0,25.0,195
89,46.0,84.0,163.0,11,159.0,43.0,20.0,173.0,368.0,176.0,72.0,1.0,20.0,197
106,54.0,101.0,222.0,12,222.0,30.0,25.0,228.0,721.0,200.0,70.0,3.0,4.0,201
86,36.0,78.0,146.0,7,135.0,50.0,18.0,155.0,270.0,148.0,66.0,0.0,25.0,195
85,36.0,66.0,123.0,5,120.0,56.0,17.0,140.0,212.0,131.0,73.0,1.0,18.0,190
